"music_id","title","artist","album_cover","emotion_genre"
1,"Golden","HUNTR/X","https://cdnimg.melon.co.kr/cm2/album/images/118/59/863/11859863_20250620104512_500.jpg/melon/resize/120/quality/80/optimize","응원"
2,"청춘만화","이무진","https://cdnimg.melon.co.kr/cm2/album/images/116/08/521/11608521_20241004161722_500.jpg/melon/resize/120/quality/80/optimize","응원"
3,"HAPPY","DAY6 (데이식스)","https://cdnimg.melon.co.kr/cm2/album/images/114/44/397/11444397_20240318115810_500.jpg/melon/resize/120/quality/80/optimize","응원"
4,"REBEL HEART","IVE (아이브)","https://cdnimg.melon.co.kr/cm2/album/images/116/89/783/11689783_20250203110601_500.jpg/melon/resize/120/quality/80/optimize","응원"
5,"한 페이지가 될 수 있게","DAY6 (데이식스)","https://cdnimg.melon.co.kr/cm/album/images/103/07/346/10307346_500.jpg/melon/resize/120/quality/80/optimize","응원"
6,"소나기","이클립스 (ECLIPSE)","https://cdnimg.melon.co.kr/cm2/album/images/114/59/325/11459325_20240405171054_500.jpg/melon/resize/120/quality/80/optimize","응원"
7,"Welcome to the Show","DAY6 (데이식스)","https://cdnimg.melon.co.kr/cm2/album/images/114/44/397/11444397_20240318115810_500.jpg/melon/resize/120/quality/80/optimize","응원"
8,"I AM","IVE (아이브)","https://cdnimg.melon.co.kr/cm2/album/images/112/11/297/11211297_20230410151046_500.jpg/melon/resize/120/quality/80/optimize","응원"
9,"Love wins all","아이유","https://cdnimg.melon.co.kr/cm2/album/images/114/04/142/11404142_20240220141548_500.jpg/melon/resize/120/quality/80/optimize","응원"
10,"I DO ME","KiiiKiii (키키)","https://cdnimg.melon.co.kr/cm2/album/images/117/15/826/11715826_20250324115745_500.jpg/melon/resize/120/quality/80/optimize","응원"
11,"나는 아픈 건 딱 질색이니까","i-dle (아이들)","https://cdnimg.melon.co.kr/cm2/album/images/114/02/655/11402655_20240129121016_500.jpg/melon/resize/120/quality/80/optimize","응원"
12,"너와의 모든 지금","재쓰비 (JAESSBEE)","https://cdnimg.melon.co.kr/cm2/album/images/116/37/218/11637218_20241108150236_500.jpg/melon/resize/120/quality/80/optimize","응원"
13,"녹아내려요","DAY6 (데이식스)","https://cdnimg.melon.co.kr/cm2/album/images/115/80/616/11580616_20240830171855_500.jpg/melon/resize/120/quality/80/optimize","응원"
14,"사건의 지평선","윤하 (YOUNHA)","https://cdnimg.melon.co.kr/cm2/album/images/109/03/868/10903868_20220330103544_500.jpg/melon/resize/120/quality/80/optimize","응원"
15,"I Don't Think That I Like Her","Charlie Puth","https://cdnimg.melon.co.kr/cm2/album/images/108/44/485/10844485_20221006154824_500.jpg/melon/resize/120/quality/80/optimize","응원"
16,"Spicy","aespa","https://cdnimg.melon.co.kr/cm2/album/images/112/36/264/11236264_20230508184331_500.jpg/melon/resize/120/quality/80/optimize","응원"
17,"여행","볼빨간사춘기","https://cdnimg.melon.co.kr/cm/album/images/101/70/069/10170069_500.jpg/melon/resize/120/quality/80/optimize","응원"
18,"파이팅 해야지 (Feat. 이영지)","부석순 (SEVENTEEN)","https://cdnimg.melon.co.kr/cm2/album/images/111/66/539/11166539_20230207143921_500.jpg/melon/resize/120/quality/80/optimize","응원"
19,"신호등","이무진","https://cdnimg.melon.co.kr/cm2/album/images/106/07/796/10607796_20210513201807_500.jpg/melon/resize/120/quality/80/optimize","응원"
20,"Kitsch","IVE (아이브)","https://cdnimg.melon.co.kr/cm2/album/images/112/11/297/11211297_20230410151046_500.jpg/melon/resize/120/quality/80/optimize","응원"
21,"건물 사이에 피어난 장미 (Rose Blossom)","H1-KEY (하이키)","https://cdnimg.melon.co.kr/cm2/album/images/111/40/018/11140018_20230105103451_500.jpg/melon/resize/120/quality/80/optimize","응원"
22,"개화 (Flowering)","LUCY","https://cdnimg.melon.co.kr/cm2/album/images/104/28/038/10428038_20200508161504_500.jpg/melon/resize/120/quality/80/optimize","응원"
23,"Maybe Tomorrow","DAY6 (데이식스)","https://cdnimg.melon.co.kr/cm2/album/images/117/96/328/11796328_20250502150840_500.jpg/melon/resize/120/quality/80/optimize","응원"
24,"Live My Life","aespa","https://cdnimg.melon.co.kr/cm2/album/images/114/87/023/11487023_20240527154018_500.jpg/melon/resize/120/quality/80/optimize","응원"
25,"후라이의 꿈","AKMU (악뮤)","https://cdnimg.melon.co.kr/cm2/album/images/113/09/190/11309190_20230818161008_500.jpg/melon/resize/120/quality/80/optimize","응원"
26,"청바지","부석순 (SEVENTEEN)","https://cdnimg.melon.co.kr/cm2/album/images/116/87/296/11687296_20250108103647_500.jpg/melon/resize/120/quality/80/optimize","응원"
27,"행운을 빌어 줘","원필 (DAY6)","https://cdnimg.melon.co.kr/cm2/album/images/108/58/581/10858581_20220207121732_500.jpg/melon/resize/120/quality/80/optimize","응원"
28,"TOMBOY","i-dle (아이들)","https://cdnimg.melon.co.kr/cm2/album/images/108/90/384/10890384_20220314111504_500.jpg/melon/resize/120/quality/80/optimize","응원"
29,"Girls Never Die","tripleS (트리플에스)","https://cdnimg.melon.co.kr/cm2/album/images/114/82/512/11482512_20240507163129_500.jpg/melon/resize/120/quality/80/optimize","응원"
30,"METEOR","창모 (CHANGMO)","https://cdnimg.melon.co.kr/cm2/album/images/103/59/162/10359162_500.jpg/melon/resize/120/quality/80/optimize","응원"
31,"순정 (純情)","코요태","https://cdnimg.melon.co.kr/cm/album/images/000/04/936/4936_500.jpg/melon/resize/120/quality/80/optimize","응원"
32,"우연히 봄","로꼬","https://cdnimg.melon.co.kr/cm/album/images/023/12/287/2312287_500.jpg/melon/resize/120/quality/80/optimize","응원"
33,"Teddy Bear","STAYC(스테이씨)","https://cdnimg.melon.co.kr/cm2/album/images/111/65/170/11165170_20230214120544_500.jpg/melon/resize/120/quality/80/optimize","응원"
34,"내 손을 잡아","아이유","https://cdnimg.melon.co.kr/cm/album/images/012/86/252/1286252_500.jpg/melon/resize/120/quality/80/optimize","응원"
35,"나에게로 떠나는 여행","버즈","https://cdnimg.melon.co.kr/cm2/album/images/003/00/646/300646_20230306155609_500.jpg/melon/resize/120/quality/80/optimize","응원"
36,"Celebrity","아이유","https://cdnimg.melon.co.kr/cm2/album/images/105/54/246/10554246_20210325161233_500.jpg/melon/resize/120/quality/80/optimize","응원"
37,"I Ain't Worried","OneRepublic","https://cdnimg.melon.co.kr/cm2/album/images/109/67/172/10967172_20220525095420_500.jpg/melon/resize/120/quality/80/optimize","응원"
38,"오르트구름","윤하 (YOUNHA)","https://cdnimg.melon.co.kr/cm2/album/images/107/78/556/10778556_20211116105621_500.jpg/melon/resize/120/quality/80/optimize","응원"
39,"ANTIFRAGILE","LE SSERAFIM (르세라핌)","https://cdnimg.melon.co.kr/cm2/album/images/110/78/496/11078496_20221014153848_500.jpg/melon/resize/120/quality/80/optimize","응원"
40,"시작","가호 (Gaho)","https://cdnimg.melon.co.kr/cm2/album/images/103/81/712/10381712_20200131110358_500.jpg/melon/resize/120/quality/80/optimize","응원"
41,"아주 NICE","세븐틴 (SEVENTEEN)","https://cdnimg.melon.co.kr/cm/album/images/026/95/228/2695228_500.jpg/melon/resize/120/quality/80/optimize","응원"
42,"안녕 (Hello)","조이 (JOY)","https://cdnimg.melon.co.kr/cm2/album/images/106/14/899/10614899_20210531150225_500.jpg/melon/resize/120/quality/80/optimize","응원"
43,"흰수염고래","YB (윤도현 밴드)","https://cdnimg.melon.co.kr/cm/album/images/020/37/979/2037979_500.jpg/melon/resize/120/quality/80/optimize","응원"
44,"CHEER UP","TWICE (트와이스)","https://cdnimg.melon.co.kr/cm/album/images/026/81/333/2681333_500.jpg/melon/resize/120/quality/80/optimize","응원"
45,"행복했던 날들이었다","DAY6 (데이식스)","https://cdnimg.melon.co.kr/cm/album/images/102/31/033/10231033_500.jpg/melon/resize/120/quality/80/optimize","응원"
46,"라일락","아이유","https://cdnimg.melon.co.kr/cm2/album/images/105/54/246/10554246_20210325161233_500.jpg/melon/resize/120/quality/80/optimize","응원"
47,"내가 제일 잘 나가","2NE1","https://cdnimg.melon.co.kr/cm/album/images/013/15/551/1315551_500.jpg/melon/resize/120/quality/80/optimize","응원"
48,"형 (兄)","노라조","https://cdnimg.melon.co.kr/cm/album/images/008/62/952/862952_500.jpg/melon/resize/120/quality/80/optimize","응원"
49,"Viva La Vida","Coldplay","https://cdnimg.melon.co.kr/cm/album/images/004/49/451/449451_500.jpg/melon/resize/120/quality/80/optimize","응원"
50,"SMILEY (Feat. BIBI)","YENA (최예나)","https://cdnimg.melon.co.kr/cm2/album/images/108/42/611/10842611_20220117110002_500.jpg/melon/resize/120/quality/80/optimize","응원"
51,"Golden","HUNTR/X","https://cdnimg.melon.co.kr/cm2/album/images/118/59/863/11859863_20250620104512_500.jpg/melon/resize/120/quality/80/optimize","응원"
52,"청춘만화","이무진","https://cdnimg.melon.co.kr/cm2/album/images/116/08/521/11608521_20241004161722_500.jpg/melon/resize/120/quality/80/optimize","응원"
53,"HAPPY","DAY6 (데이식스)","https://cdnimg.melon.co.kr/cm2/album/images/114/44/397/11444397_20240318115810_500.jpg/melon/resize/120/quality/80/optimize","응원"
54,"REBEL HEART","IVE (아이브)","https://cdnimg.melon.co.kr/cm2/album/images/116/89/783/11689783_20250203110601_500.jpg/melon/resize/120/quality/80/optimize","응원"
55,"한 페이지가 될 수 있게","DAY6 (데이식스)","https://cdnimg.melon.co.kr/cm/album/images/103/07/346/10307346_500.jpg/melon/resize/120/quality/80/optimize","응원"
56,"소나기","이클립스 (ECLIPSE)","https://cdnimg.melon.co.kr/cm2/album/images/114/59/325/11459325_20240405171054_500.jpg/melon/resize/120/quality/80/optimize","응원"
57,"Welcome to the Show","DAY6 (데이식스)","https://cdnimg.melon.co.kr/cm2/album/images/114/44/397/11444397_20240318115810_500.jpg/melon/resize/120/quality/80/optimize","응원"
58,"I AM","IVE (아이브)","https://cdnimg.melon.co.kr/cm2/album/images/112/11/297/11211297_20230410151046_500.jpg/melon/resize/120/quality/80/optimize","응원"
59,"Love wins all","아이유","https://cdnimg.melon.co.kr/cm2/album/images/114/04/142/11404142_20240220141548_500.jpg/melon/resize/120/quality/80/optimize","응원"
60,"I DO ME","KiiiKiii (키키)","https://cdnimg.melon.co.kr/cm2/album/images/117/15/826/11715826_20250324115745_500.jpg/melon/resize/120/quality/80/optimize","응원"
61,"나는 아픈 건 딱 질색이니까","i-dle (아이들)","https://cdnimg.melon.co.kr/cm2/album/images/114/02/655/11402655_20240129121016_500.jpg/melon/resize/120/quality/80/optimize","응원"
62,"너와의 모든 지금","재쓰비 (JAESSBEE)","https://cdnimg.melon.co.kr/cm2/album/images/116/37/218/11637218_20241108150236_500.jpg/melon/resize/120/quality/80/optimize","응원"
63,"녹아내려요","DAY6 (데이식스)","https://cdnimg.melon.co.kr/cm2/album/images/115/80/616/11580616_20240830171855_500.jpg/melon/resize/120/quality/80/optimize","응원"
64,"사건의 지평선","윤하 (YOUNHA)","https://cdnimg.melon.co.kr/cm2/album/images/109/03/868/10903868_20220330103544_500.jpg/melon/resize/120/quality/80/optimize","응원"
65,"I Don't Think That I Like Her","Charlie Puth","https://cdnimg.melon.co.kr/cm2/album/images/108/44/485/10844485_20221006154824_500.jpg/melon/resize/120/quality/80/optimize","응원"
66,"Spicy","aespa","https://cdnimg.melon.co.kr/cm2/album/images/112/36/264/11236264_20230508184331_500.jpg/melon/resize/120/quality/80/optimize","응원"
67,"여행","볼빨간사춘기","https://cdnimg.melon.co.kr/cm/album/images/101/70/069/10170069_500.jpg/melon/resize/120/quality/80/optimize","응원"
68,"파이팅 해야지 (Feat. 이영지)","부석순 (SEVENTEEN)","https://cdnimg.melon.co.kr/cm2/album/images/111/66/539/11166539_20230207143921_500.jpg/melon/resize/120/quality/80/optimize","응원"
69,"신호등","이무진","https://cdnimg.melon.co.kr/cm2/album/images/106/07/796/10607796_20210513201807_500.jpg/melon/resize/120/quality/80/optimize","응원"
70,"Kitsch","IVE (아이브)","https://cdnimg.melon.co.kr/cm2/album/images/112/11/297/11211297_20230410151046_500.jpg/melon/resize/120/quality/80/optimize","응원"
71,"건물 사이에 피어난 장미 (Rose Blossom)","H1-KEY (하이키)","https://cdnimg.melon.co.kr/cm2/album/images/111/40/018/11140018_20230105103451_500.jpg/melon/resize/120/quality/80/optimize","응원"
72,"개화 (Flowering)","LUCY","https://cdnimg.melon.co.kr/cm2/album/images/104/28/038/10428038_20200508161504_500.jpg/melon/resize/120/quality/80/optimize","응원"
73,"Maybe Tomorrow","DAY6 (데이식스)","https://cdnimg.melon.co.kr/cm2/album/images/117/96/328/11796328_20250502150840_500.jpg/melon/resize/120/quality/80/optimize","응원"
74,"Live My Life","aespa","https://cdnimg.melon.co.kr/cm2/album/images/114/87/023/11487023_20240527154018_500.jpg/melon/resize/120/quality/80/optimize","응원"
75,"후라이의 꿈","AKMU (악뮤)","https://cdnimg.melon.co.kr/cm2/album/images/113/09/190/11309190_20230818161008_500.jpg/melon/resize/120/quality/80/optimize","응원"
76,"청바지","부석순 (SEVENTEEN)","https://cdnimg.melon.co.kr/cm2/album/images/116/87/296/11687296_20250108103647_500.jpg/melon/resize/120/quality/80/optimize","응원"
77,"행운을 빌어 줘","원필 (DAY6)","https://cdnimg.melon.co.kr/cm2/album/images/108/58/581/10858581_20220207121732_500.jpg/melon/resize/120/quality/80/optimize","응원"
78,"TOMBOY","i-dle (아이들)","https://cdnimg.melon.co.kr/cm2/album/images/108/90/384/10890384_20220314111504_500.jpg/melon/resize/120/quality/80/optimize","응원"
79,"Girls Never Die","tripleS (트리플에스)","https://cdnimg.melon.co.kr/cm2/album/images/114/82/512/11482512_20240507163129_500.jpg/melon/resize/120/quality/80/optimize","응원"
80,"METEOR","창모 (CHANGMO)","https://cdnimg.melon.co.kr/cm2/album/images/103/59/162/10359162_500.jpg/melon/resize/120/quality/80/optimize","응원"
81,"순정 (純情)","코요태","https://cdnimg.melon.co.kr/cm/album/images/000/04/936/4936_500.jpg/melon/resize/120/quality/80/optimize","응원"
82,"우연히 봄","로꼬","https://cdnimg.melon.co.kr/cm/album/images/023/12/287/2312287_500.jpg/melon/resize/120/quality/80/optimize","응원"
83,"Teddy Bear","STAYC(스테이씨)","https://cdnimg.melon.co.kr/cm2/album/images/111/65/170/11165170_20230214120544_500.jpg/melon/resize/120/quality/80/optimize","응원"
84,"내 손을 잡아","아이유","https://cdnimg.melon.co.kr/cm/album/images/012/86/252/1286252_500.jpg/melon/resize/120/quality/80/optimize","응원"
85,"나에게로 떠나는 여행","버즈","https://cdnimg.melon.co.kr/cm2/album/images/003/00/646/300646_20230306155609_500.jpg/melon/resize/120/quality/80/optimize","응원"
86,"Celebrity","아이유","https://cdnimg.melon.co.kr/cm2/album/images/105/54/246/10554246_20210325161233_500.jpg/melon/resize/120/quality/80/optimize","응원"
87,"I Ain't Worried","OneRepublic","https://cdnimg.melon.co.kr/cm2/album/images/109/67/172/10967172_20220525095420_500.jpg/melon/resize/120/quality/80/optimize","응원"
88,"오르트구름","윤하 (YOUNHA)","https://cdnimg.melon.co.kr/cm2/album/images/107/78/556/10778556_20211116105621_500.jpg/melon/resize/120/quality/80/optimize","응원"
89,"ANTIFRAGILE","LE SSERAFIM (르세라핌)","https://cdnimg.melon.co.kr/cm2/album/images/110/78/496/11078496_20221014153848_500.jpg/melon/resize/120/quality/80/optimize","응원"
90,"시작","가호 (Gaho)","https://cdnimg.melon.co.kr/cm2/album/images/103/81/712/10381712_20200131110358_500.jpg/melon/resize/120/quality/80/optimize","응원"
91,"아주 NICE","세븐틴 (SEVENTEEN)","https://cdnimg.melon.co.kr/cm/album/images/026/95/228/2695228_500.jpg/melon/resize/120/quality/80/optimize","응원"
92,"안녕 (Hello)","조이 (JOY)","https://cdnimg.melon.co.kr/cm2/album/images/106/14/899/10614899_20210531150225_500.jpg/melon/resize/120/quality/80/optimize","응원"
93,"흰수염고래","YB (윤도현 밴드)","https://cdnimg.melon.co.kr/cm/album/images/020/37/979/2037979_500.jpg/melon/resize/120/quality/80/optimize","응원"
94,"CHEER UP","TWICE (트와이스)","https://cdnimg.melon.co.kr/cm/album/images/026/81/333/2681333_500.jpg/melon/resize/120/quality/80/optimize","응원"
95,"행복했던 날들이었다","DAY6 (데이식스)","https://cdnimg.melon.co.kr/cm/album/images/102/31/033/10231033_500.jpg/melon/resize/120/quality/80/optimize","응원"
96,"라일락","아이유","https://cdnimg.melon.co.kr/cm2/album/images/105/54/246/10554246_20210325161233_500.jpg/melon/resize/120/quality/80/optimize","응원"
97,"내가 제일 잘 나가","2NE1","https://cdnimg.melon.co.kr/cm/album/images/013/15/551/1315551_500.jpg/melon/resize/120/quality/80/optimize","응원"
98,"형 (兄)","노라조","https://cdnimg.melon.co.kr/cm/album/images/008/62/952/862952_500.jpg/melon/resize/120/quality/80/optimize","응원"
99,"Viva La Vida","Coldplay","https://cdnimg.melon.co.kr/cm/album/images/004/49/451/449451_500.jpg/melon/resize/120/quality/80/optimize","응원"
100,"SMILEY (Feat. BIBI)","YENA (최예나)","https://cdnimg.melon.co.kr/cm2/album/images/108/42/611/10842611_20220117110002_500.jpg/melon/resize/120/quality/80/optimize","응원"
101,"어제보다 슬픈 오늘","우디 (Woody)","https://cdnimg.melon.co.kr/cm2/album/images/117/56/010/11756010_20250331135525_500.jpg/melon/resize/120/quality/80/optimize","위로"
102,"청춘만화","이무진","https://cdnimg.melon.co.kr/cm2/album/images/116/08/521/11608521_20241004161722_500.jpg/melon/resize/120/quality/80/optimize","위로"
103,"Never Ending Story","아이유","https://cdnimg.melon.co.kr/cm2/album/images/118/31/781/11831781_20250526162725_500.jpg/melon/resize/120/quality/80/optimize","위로"
104,"HAPPY","DAY6 (데이식스)","https://cdnimg.melon.co.kr/cm2/album/images/114/44/397/11444397_20240318115810_500.jpg/melon/resize/120/quality/80/optimize","위로"
105,"천상연","이창섭","https://cdnimg.melon.co.kr/cm2/album/images/114/21/941/11421941_20240220105008_500.jpg/melon/resize/120/quality/80/optimize","위로"
106,"한 페이지가 될 수 있게","DAY6 (데이식스)","https://cdnimg.melon.co.kr/cm/album/images/103/07/346/10307346_500.jpg/melon/resize/120/quality/80/optimize","위로"
107,"소나기","이클립스 (ECLIPSE)","https://cdnimg.melon.co.kr/cm2/album/images/114/59/325/11459325_20240405171054_500.jpg/melon/resize/120/quality/80/optimize","위로"
108,"어떻게 이별까지 사랑하겠어, 널 사랑하는 거지","AKMU (악뮤)","https://cdnimg.melon.co.kr/cm2/album/images/103/31/947/10331947_500.jpg/melon/resize/120/quality/80/optimize","위로"
109,"그대만 있다면 (여름날 우리 X 너드커넥션 (Nerd Connection))","너드커넥션 (Nerd Connection)","https://cdnimg.melon.co.kr/cm2/album/images/113/05/759/11305759_20230814111006_500.jpg/melon/resize/120/quality/80/optimize","위로"
110,"Love wins all","아이유","https://cdnimg.melon.co.kr/cm2/album/images/114/04/142/11404142_20240220141548_500.jpg/melon/resize/120/quality/80/optimize","위로"
111,"주저하는 연인들을 위해","잔나비","https://cdnimg.melon.co.kr/cm/album/images/102/60/858/10260858_500.jpg/melon/resize/120/quality/80/optimize","위로"
112,"너의 모든 순간","성시경","https://cdnimg.melon.co.kr/cm/album/images/022/32/505/2232505_500.jpg/melon/resize/120/quality/80/optimize","위로"
113,"모든 날, 모든 순간 (Every day, Every Moment)","폴킴","https://cdnimg.melon.co.kr/cm/album/images/101/49/492/10149492_500.jpg/melon/resize/120/quality/80/optimize","위로"
114,"인사","범진","https://cdnimg.melon.co.kr/cm2/album/images/108/21/699/10821699_20231205103724_500.jpg/melon/resize/120/quality/80/optimize","위로"
115,"나무","카더가든","https://cdnimg.melon.co.kr/cm/album/images/102/74/611/10274611_500.jpg/melon/resize/120/quality/80/optimize","위로"
116,"너와의 모든 지금","재쓰비 (JAESSBEE)","https://cdnimg.melon.co.kr/cm2/album/images/116/37/218/11637218_20241108150236_500.jpg/melon/resize/120/quality/80/optimize","위로"
117,"yours","데이먼스 이어 (Damons year)","https://cdnimg.melon.co.kr/cm/album/images/102/71/978/10271978_500.jpg/melon/resize/120/quality/80/optimize","위로"
118,"미안해 미워해 사랑해","Crush","https://cdnimg.melon.co.kr/cm2/album/images/114/49/278/11449278_20240322170237_500.jpg/melon/resize/120/quality/80/optimize","위로"
119,"사건의 지평선","윤하 (YOUNHA)","https://cdnimg.melon.co.kr/cm2/album/images/109/03/868/10903868_20220330103544_500.jpg/melon/resize/120/quality/80/optimize","위로"
120,"사랑할 수밖에","볼빨간사춘기","https://cdnimg.melon.co.kr/cm2/album/images/113/82/496/11382496_20231211180054_500.jpg/melon/resize/120/quality/80/optimize","위로"
121,"숲","최유리","https://cdnimg.melon.co.kr/cm2/album/images/110/36/283/11036283_20220823181214_500.jpg/melon/resize/120/quality/80/optimize","위로"
122,"희재","성시경","https://cdnimg.melon.co.kr/cm/album/images/000/28/985/28985_500.jpg/melon/resize/120/quality/80/optimize","위로"
123,"어른","Sondia","https://cdnimg.melon.co.kr/cm/album/images/101/52/984/10152984_500.jpg/melon/resize/120/quality/80/optimize","위로"
124,"그리워하다","비투비","https://cdnimg.melon.co.kr/cm/album/images/101/02/658/10102658_500.jpg/melon/resize/120/quality/80/optimize","위로"
125,"너였다면","정승환","https://cdnimg.melon.co.kr/cm/album/images/026/87/963/2687963_500.jpg/melon/resize/120/quality/80/optimize","위로"
126,"밤편지","아이유","https://cdnimg.melon.co.kr/cm/album/images/100/47/890/10047890_500.jpg/melon/resize/120/quality/80/optimize","위로"
127,"응급실","izi","https://cdnimg.melon.co.kr/cm/album/images/000/48/736/48736_500.jpg/melon/resize/120/quality/80/optimize","위로"
128,"오늘도 빛나는 너에게 (To You My Light) (Feat.이라온)","마크툽 (MAKTUB)","https://cdnimg.melon.co.kr/cm/album/images/102/94/603/10294603_500.jpg/melon/resize/120/quality/80/optimize","위로"
129,"눈사람","정승환","https://cdnimg.melon.co.kr/cm/album/images/101/36/251/10136251_500.jpg/melon/resize/120/quality/80/optimize","위로"
130,"첫눈처럼 너에게 가겠다","에일리(Ailee)","https://cdnimg.melon.co.kr/cm/album/images/100/29/181/10029181_500.jpg/melon/resize/120/quality/80/optimize","위로"
131,"늦은 밤 너의 집 앞 골목길에서","노을","https://cdnimg.melon.co.kr/cm2/album/images/103/48/811/10348811_500.jpg/melon/resize/120/quality/80/optimize","위로"
132,"거리에서","성시경","https://cdnimg.melon.co.kr/cm/album/images/003/28/396/328396_500.jpg/melon/resize/120/quality/80/optimize","위로"
133,"파이팅 해야지 (Feat. 이영지)","부석순 (SEVENTEEN)","https://cdnimg.melon.co.kr/cm2/album/images/111/66/539/11166539_20230207143921_500.jpg/melon/resize/120/quality/80/optimize","위로"
134,"이 사랑","다비치","https://cdnimg.melon.co.kr/cm/album/images/026/69/778/2669778_500.jpg/melon/resize/120/quality/80/optimize","위로"
135,"소녀","오혁","https://cdnimg.melon.co.kr/cm/album/images/026/52/150/2652150_500.jpg/melon/resize/120/quality/80/optimize","위로"
136,"물론","허각","https://cdnimg.melon.co.kr/cm2/album/images/112/33/031/11233031_20230427140957_500.jpg/melon/resize/120/quality/80/optimize","위로"
137,"너의 번호를 누르고 (Prod. 영화처럼)","#안녕","https://cdnimg.melon.co.kr/cm2/album/images/103/59/126/10359126_500.jpg/melon/resize/120/quality/80/optimize","위로"
138,"너를 만나","폴킴","https://cdnimg.melon.co.kr/cm/album/images/102/17/134/10217134_500.jpg/melon/resize/120/quality/80/optimize","위로"
139,"그때가 좋았어","케이시 (Kassy)","https://cdnimg.melon.co.kr/cm/album/images/102/37/420/10237420_500.jpg/melon/resize/120/quality/80/optimize","위로"
140,"고백","멜로망스","https://cdnimg.melon.co.kr/cm2/album/images/106/95/590/10695590_20210827162225_500.jpg/melon/resize/120/quality/80/optimize","위로"
141,"사랑..그게 뭔데","지아","https://cdnimg.melon.co.kr/cm2/album/images/112/42/411/11242411_20230511140611_500.jpg/melon/resize/120/quality/80/optimize","위로"
142,"사랑에 연습이 있었다면 (Prod. 2soo)","임재현","https://cdnimg.melon.co.kr/cm/album/images/102/07/131/10207131_500.jpg/melon/resize/120/quality/80/optimize","위로"
143,"솔직하게 말해서 나","김나영","https://cdnimg.melon.co.kr/cm/album/images/102/94/763/10294763_500.jpg/melon/resize/120/quality/80/optimize","위로"
144,"TOMBOY","혁오 (HYUKOH)","https://cdnimg.melon.co.kr/cm/album/images/100/57/570/10057570_500.jpg/melon/resize/120/quality/80/optimize","위로"
145,"그랬나봐","유회승 (엔플라잉)","https://cdnimg.melon.co.kr/cm2/album/images/114/80/740/11480740_20240503112506_500.jpg/melon/resize/120/quality/80/optimize","위로"
146,"이별하러 가는 길","임한별","https://cdnimg.melon.co.kr/cm/album/images/102/03/965/10203965_500.jpg/melon/resize/120/quality/80/optimize","위로"
147,"기다린 만큼, 더","검정치마","https://cdnimg.melon.co.kr/cm/album/images/026/90/838/2690838_500.jpg/melon/resize/120/quality/80/optimize","위로"
148,"기억해줘요 내 모든 날과 그때를","거미 (GUMMY)","https://cdnimg.melon.co.kr/cm/album/images/103/14/289/10314289_500.jpg/melon/resize/120/quality/80/optimize","위로"
149,"시든 꽃에 물을 주듯","HYNN (박혜원)","https://cdnimg.melon.co.kr/cm/album/images/102/67/986/10267986_500.jpg/melon/resize/120/quality/80/optimize","위로"
150,"나의 사춘기에게","볼빨간사춘기","https://cdnimg.melon.co.kr/cm/album/images/101/00/191/10100191_500.jpg/melon/resize/120/quality/80/optimize","위로"
151,"어제보다 슬픈 오늘","우디 (Woody)","https://cdnimg.melon.co.kr/cm2/album/images/117/56/010/11756010_20250331135525_500.jpg/melon/resize/120/quality/80/optimize","위로"
152,"청춘만화","이무진","https://cdnimg.melon.co.kr/cm2/album/images/116/08/521/11608521_20241004161722_500.jpg/melon/resize/120/quality/80/optimize","위로"
153,"Never Ending Story","아이유","https://cdnimg.melon.co.kr/cm2/album/images/118/31/781/11831781_20250526162725_500.jpg/melon/resize/120/quality/80/optimize","위로"
154,"HAPPY","DAY6 (데이식스)","https://cdnimg.melon.co.kr/cm2/album/images/114/44/397/11444397_20240318115810_500.jpg/melon/resize/120/quality/80/optimize","위로"
155,"천상연","이창섭","https://cdnimg.melon.co.kr/cm2/album/images/114/21/941/11421941_20240220105008_500.jpg/melon/resize/120/quality/80/optimize","위로"
156,"한 페이지가 될 수 있게","DAY6 (데이식스)","https://cdnimg.melon.co.kr/cm/album/images/103/07/346/10307346_500.jpg/melon/resize/120/quality/80/optimize","위로"
157,"소나기","이클립스 (ECLIPSE)","https://cdnimg.melon.co.kr/cm2/album/images/114/59/325/11459325_20240405171054_500.jpg/melon/resize/120/quality/80/optimize","위로"
158,"어떻게 이별까지 사랑하겠어, 널 사랑하는 거지","AKMU (악뮤)","https://cdnimg.melon.co.kr/cm2/album/images/103/31/947/10331947_500.jpg/melon/resize/120/quality/80/optimize","위로"
159,"그대만 있다면 (여름날 우리 X 너드커넥션 (Nerd Connection))","너드커넥션 (Nerd Connection)","https://cdnimg.melon.co.kr/cm2/album/images/113/05/759/11305759_20230814111006_500.jpg/melon/resize/120/quality/80/optimize","위로"
160,"Love wins all","아이유","https://cdnimg.melon.co.kr/cm2/album/images/114/04/142/11404142_20240220141548_500.jpg/melon/resize/120/quality/80/optimize","위로"
161,"주저하는 연인들을 위해","잔나비","https://cdnimg.melon.co.kr/cm/album/images/102/60/858/10260858_500.jpg/melon/resize/120/quality/80/optimize","위로"
162,"너의 모든 순간","성시경","https://cdnimg.melon.co.kr/cm/album/images/022/32/505/2232505_500.jpg/melon/resize/120/quality/80/optimize","위로"
163,"모든 날, 모든 순간 (Every day, Every Moment)","폴킴","https://cdnimg.melon.co.kr/cm/album/images/101/49/492/10149492_500.jpg/melon/resize/120/quality/80/optimize","위로"
164,"인사","범진","https://cdnimg.melon.co.kr/cm2/album/images/108/21/699/10821699_20231205103724_500.jpg/melon/resize/120/quality/80/optimize","위로"
165,"나무","카더가든","https://cdnimg.melon.co.kr/cm/album/images/102/74/611/10274611_500.jpg/melon/resize/120/quality/80/optimize","위로"
166,"너와의 모든 지금","재쓰비 (JAESSBEE)","https://cdnimg.melon.co.kr/cm2/album/images/116/37/218/11637218_20241108150236_500.jpg/melon/resize/120/quality/80/optimize","위로"
167,"yours","데이먼스 이어 (Damons year)","https://cdnimg.melon.co.kr/cm/album/images/102/71/978/10271978_500.jpg/melon/resize/120/quality/80/optimize","위로"
168,"미안해 미워해 사랑해","Crush","https://cdnimg.melon.co.kr/cm2/album/images/114/49/278/11449278_20240322170237_500.jpg/melon/resize/120/quality/80/optimize","위로"
169,"사건의 지평선","윤하 (YOUNHA)","https://cdnimg.melon.co.kr/cm2/album/images/109/03/868/10903868_20220330103544_500.jpg/melon/resize/120/quality/80/optimize","위로"
170,"사랑할 수밖에","볼빨간사춘기","https://cdnimg.melon.co.kr/cm2/album/images/113/82/496/11382496_20231211180054_500.jpg/melon/resize/120/quality/80/optimize","위로"
171,"숲","최유리","https://cdnimg.melon.co.kr/cm2/album/images/110/36/283/11036283_20220823181214_500.jpg/melon/resize/120/quality/80/optimize","위로"
172,"희재","성시경","https://cdnimg.melon.co.kr/cm/album/images/000/28/985/28985_500.jpg/melon/resize/120/quality/80/optimize","위로"
173,"어른","Sondia","https://cdnimg.melon.co.kr/cm/album/images/101/52/984/10152984_500.jpg/melon/resize/120/quality/80/optimize","위로"
174,"그리워하다","비투비","https://cdnimg.melon.co.kr/cm/album/images/101/02/658/10102658_500.jpg/melon/resize/120/quality/80/optimize","위로"
175,"너였다면","정승환","https://cdnimg.melon.co.kr/cm/album/images/026/87/963/2687963_500.jpg/melon/resize/120/quality/80/optimize","위로"
176,"밤편지","아이유","https://cdnimg.melon.co.kr/cm/album/images/100/47/890/10047890_500.jpg/melon/resize/120/quality/80/optimize","위로"
177,"응급실","izi","https://cdnimg.melon.co.kr/cm/album/images/000/48/736/48736_500.jpg/melon/resize/120/quality/80/optimize","위로"
178,"오늘도 빛나는 너에게 (To You My Light) (Feat.이라온)","마크툽 (MAKTUB)","https://cdnimg.melon.co.kr/cm/album/images/102/94/603/10294603_500.jpg/melon/resize/120/quality/80/optimize","위로"
179,"눈사람","정승환","https://cdnimg.melon.co.kr/cm/album/images/101/36/251/10136251_500.jpg/melon/resize/120/quality/80/optimize","위로"
180,"첫눈처럼 너에게 가겠다","에일리(Ailee)","https://cdnimg.melon.co.kr/cm/album/images/100/29/181/10029181_500.jpg/melon/resize/120/quality/80/optimize","위로"
181,"늦은 밤 너의 집 앞 골목길에서","노을","https://cdnimg.melon.co.kr/cm2/album/images/103/48/811/10348811_500.jpg/melon/resize/120/quality/80/optimize","위로"
182,"거리에서","성시경","https://cdnimg.melon.co.kr/cm/album/images/003/28/396/328396_500.jpg/melon/resize/120/quality/80/optimize","위로"
183,"파이팅 해야지 (Feat. 이영지)","부석순 (SEVENTEEN)","https://cdnimg.melon.co.kr/cm2/album/images/111/66/539/11166539_20230207143921_500.jpg/melon/resize/120/quality/80/optimize","위로"
184,"이 사랑","다비치","https://cdnimg.melon.co.kr/cm/album/images/026/69/778/2669778_500.jpg/melon/resize/120/quality/80/optimize","위로"
185,"소녀","오혁","https://cdnimg.melon.co.kr/cm/album/images/026/52/150/2652150_500.jpg/melon/resize/120/quality/80/optimize","위로"
186,"물론","허각","https://cdnimg.melon.co.kr/cm2/album/images/112/33/031/11233031_20230427140957_500.jpg/melon/resize/120/quality/80/optimize","위로"
187,"너의 번호를 누르고 (Prod. 영화처럼)","#안녕","https://cdnimg.melon.co.kr/cm2/album/images/103/59/126/10359126_500.jpg/melon/resize/120/quality/80/optimize","위로"
188,"너를 만나","폴킴","https://cdnimg.melon.co.kr/cm/album/images/102/17/134/10217134_500.jpg/melon/resize/120/quality/80/optimize","위로"
189,"그때가 좋았어","케이시 (Kassy)","https://cdnimg.melon.co.kr/cm/album/images/102/37/420/10237420_500.jpg/melon/resize/120/quality/80/optimize","위로"
190,"고백","멜로망스","https://cdnimg.melon.co.kr/cm2/album/images/106/95/590/10695590_20210827162225_500.jpg/melon/resize/120/quality/80/optimize","위로"
191,"사랑..그게 뭔데","지아","https://cdnimg.melon.co.kr/cm2/album/images/112/42/411/11242411_20230511140611_500.jpg/melon/resize/120/quality/80/optimize","위로"
192,"사랑에 연습이 있었다면 (Prod. 2soo)","임재현","https://cdnimg.melon.co.kr/cm/album/images/102/07/131/10207131_500.jpg/melon/resize/120/quality/80/optimize","위로"
193,"솔직하게 말해서 나","김나영","https://cdnimg.melon.co.kr/cm/album/images/102/94/763/10294763_500.jpg/melon/resize/120/quality/80/optimize","위로"
194,"TOMBOY","혁오 (HYUKOH)","https://cdnimg.melon.co.kr/cm/album/images/100/57/570/10057570_500.jpg/melon/resize/120/quality/80/optimize","위로"
195,"그랬나봐","유회승 (엔플라잉)","https://cdnimg.melon.co.kr/cm2/album/images/114/80/740/11480740_20240503112506_500.jpg/melon/resize/120/quality/80/optimize","위로"
196,"이별하러 가는 길","임한별","https://cdnimg.melon.co.kr/cm/album/images/102/03/965/10203965_500.jpg/melon/resize/120/quality/80/optimize","위로"
197,"기다린 만큼, 더","검정치마","https://cdnimg.melon.co.kr/cm/album/images/026/90/838/2690838_500.jpg/melon/resize/120/quality/80/optimize","위로"
198,"기억해줘요 내 모든 날과 그때를","거미 (GUMMY)","https://cdnimg.melon.co.kr/cm/album/images/103/14/289/10314289_500.jpg/melon/resize/120/quality/80/optimize","위로"
199,"시든 꽃에 물을 주듯","HYNN (박혜원)","https://cdnimg.melon.co.kr/cm/album/images/102/67/986/10267986_500.jpg/melon/resize/120/quality/80/optimize","위로"
200,"나의 사춘기에게","볼빨간사춘기","https://cdnimg.melon.co.kr/cm/album/images/101/00/191/10100191_500.jpg/melon/resize/120/quality/80/optimize","위로"
201,"소녀","오혁","https://cdnimg.melon.co.kr/cm/album/images/026/52/150/2652150_500.jpg/melon/resize/120/quality/80/optimize","감성"
202,"가을 타나 봐","바이브","https://cdnimg.melon.co.kr/cm/album/images/102/05/439/10205439_500.jpg/melon/resize/120/quality/80/optimize","감성"
203,"이 사랑","다비치","https://cdnimg.melon.co.kr/cm/album/images/026/69/778/2669778_500.jpg/melon/resize/120/quality/80/optimize","감성"
204,"다시 사랑한다면 (니글니글 버터플라이)","김필","https://cdnimg.melon.co.kr/cm/album/images/026/68/301/2668301_500.jpg/melon/resize/120/quality/80/optimize","감성"
205,"사랑할 수밖에","볼빨간사춘기","https://cdnimg.melon.co.kr/cm2/album/images/113/82/496/11382496_20231211180054_500.jpg/melon/resize/120/quality/80/optimize","감성"
206,"참다행이야","에스파파(S.Papa.)","https://cdnimg.melon.co.kr/cm/album/images/003/12/193/312193_500.jpg/melon/resize/120/quality/80/optimize","감성"
207,"못해 (Feat. 美)","포맨 (4MEN)","https://cdnimg.melon.co.kr/cm/album/images/007/72/051/772051_500.jpg/melon/resize/120/quality/80/optimize","감성"
208,"영원해","도경수(D.O.)","https://cdnimg.melon.co.kr/cm2/album/images/117/88/908/11788908_20250425144129_500.jpg/melon/resize/120/quality/80/optimize","감성"
209,"미치게 그리워서","황가람","https://cdnimg.melon.co.kr/cm2/album/images/117/10/367/11710367_20250207120041_500.jpg/melon/resize/120/quality/80/optimize","감성"
210,"나는 반딧불","황가람","https://cdnimg.melon.co.kr/cm2/album/images/116/20/541/11620541_20241018183253_500.jpg/melon/resize/120/quality/80/optimize","감성"
211,"가을 안부","먼데이 키즈","https://cdnimg.melon.co.kr/cm/album/images/101/02/177/10102177_500.jpg/melon/resize/120/quality/80/optimize","감성"
212,"가까운 듯 먼 그대여","카더가든","https://cdnimg.melon.co.kr/cm2/album/images/106/92/255/10692255_20210825184324_500.jpg/melon/resize/120/quality/80/optimize","감성"
213,"나였더라면","환희","https://cdnimg.melon.co.kr/cm2/album/images/116/43/228/11643228_20241115162051_500.jpg/melon/resize/120/quality/80/optimize","감성"
214,"바람에","Kid Wine","https://cdnimg.melon.co.kr/cm2/album/images/116/48/408/11648408_20241122120236_500.jpg/melon/resize/120/quality/80/optimize","감성"
215,"그걸 사랑이라고 말하지마","다비치","https://cdnimg.melon.co.kr/cm2/album/images/116/45/314/11645314_20241119175111_500.jpg/melon/resize/120/quality/80/optimize","감성"
216,"그대라는 시","태연 (TAEYEON)","https://cdnimg.melon.co.kr/cm/album/images/103/09/213/10309213_500.jpg/melon/resize/120/quality/80/optimize","감성"
217,"주저하는 연인들을 위해","잔나비","https://cdnimg.melon.co.kr/cm/album/images/102/60/858/10260858_500.jpg/melon/resize/120/quality/80/optimize","감성"
218,"운명 (2025)","먼데이 키즈","https://cdnimg.melon.co.kr/cm2/album/images/119/45/858/11945858_20250725140649_500.jpg/melon/resize/120/quality/80/optimize","감성"
219,"너를 만나","폴킴","https://cdnimg.melon.co.kr/cm/album/images/102/17/134/10217134_500.jpg/melon/resize/120/quality/80/optimize","감성"
220,"그때 그 아인","김필","https://cdnimg.melon.co.kr/cm2/album/images/103/88/581/10388581_20200214160016_500.jpg/melon/resize/120/quality/80/optimize","감성"
221,"널 사랑하지 않아","어반자카파","https://cdnimg.melon.co.kr/cm/album/images/026/87/420/2687420_500.jpg/melon/resize/120/quality/80/optimize","감성"
222,"모든 날, 모든 순간 (Every day, Every Moment)","폴킴","https://cdnimg.melon.co.kr/cm/album/images/101/49/492/10149492_500.jpg/melon/resize/120/quality/80/optimize","감성"
223,"잠시라도 우리","성시경","https://cdnimg.melon.co.kr/cm2/album/images/113/47/483/11347483_20231018164423_500.jpg/melon/resize/120/quality/80/optimize","감성"
224,"10월 4일","아이유","https://cdnimg.melon.co.kr/cm2/album/images/118/31/781/11831781_20250526162725_500.jpg/melon/resize/120/quality/80/optimize","감성"
225,"우리 왜 헤어져야 해","신예영","https://cdnimg.melon.co.kr/cm2/album/images/103/53/881/10353881_500.jpg/melon/resize/120/quality/80/optimize","감성"
226,"기다린 만큼, 더","검정치마","https://cdnimg.melon.co.kr/cm/album/images/026/90/838/2690838_500.jpg/melon/resize/120/quality/80/optimize","감성"
227,"그때가 좋았어","케이시 (Kassy)","https://cdnimg.melon.co.kr/cm/album/images/102/37/420/10237420_500.jpg/melon/resize/120/quality/80/optimize","감성"
228,"그대만 있다면 (여름날 우리 X 너드커넥션 (Nerd Connection))","너드커넥션 (Nerd Connection)","https://cdnimg.melon.co.kr/cm2/album/images/113/05/759/11305759_20230814111006_500.jpg/melon/resize/120/quality/80/optimize","감성"
229,"면도","조장혁","https://cdnimg.melon.co.kr/cm2/album/images/115/94/172/11594172_20240913204840_500.jpg/melon/resize/120/quality/80/optimize","감성"
230,"다시 시작해보자","김동률","https://cdnimg.melon.co.kr/cm/album/images/003/66/933/366933_500.jpg/melon/resize/120/quality/80/optimize","감성"
231,"눈물 나게 만들었잖아","린","https://cdnimg.melon.co.kr/cm2/album/images/116/21/907/11621907_20241022162225_500.jpg/melon/resize/120/quality/80/optimize","감성"
232,"내게 사랑이 뭐냐고 물어본다면","로이킴","https://cdnimg.melon.co.kr/cm2/album/images/116/16/312/11616312_20241015135802_500.jpg/melon/resize/120/quality/80/optimize","감성"
233,"향기","하현상","https://cdnimg.melon.co.kr/cm2/album/images/116/21/612/11621612_20241022141419_500.jpg/melon/resize/120/quality/80/optimize","감성"
234,"그리운건 그대일까 그때일까 (A Sleepless Night)","CNBLUE (씨엔블루)","https://cdnimg.melon.co.kr/cm2/album/images/116/14/359/11614359_20241011183257_500.jpg/melon/resize/120/quality/80/optimize","감성"
235,"Love wins all","아이유","https://cdnimg.melon.co.kr/cm2/album/images/114/04/142/11404142_20240220141548_500.jpg/melon/resize/120/quality/80/optimize","감성"
236,"시간과 낙엽","AKMU (악뮤)","https://cdnimg.melon.co.kr/cm/album/images/022/85/311/2285311_500.jpg/melon/resize/120/quality/80/optimize","감성"
237,"되돌리다","이승기","https://cdnimg.melon.co.kr/cm/album/images/021/67/822/2167822_500.jpg/melon/resize/120/quality/80/optimize","감성"
238,"그런 사람 또 없습니다","이승철","https://cdnimg.melon.co.kr/cm/album/images/006/52/251/652251_500.jpg/melon/resize/120/quality/80/optimize","감성"
239,"음","린","https://cdnimg.melon.co.kr/cm2/album/images/116/08/392/11608392_20241004152651_500.jpg/melon/resize/120/quality/80/optimize","감성"
240,"오래된 일","카더가든","https://cdnimg.melon.co.kr/cm2/album/images/113/23/980/11323980_20230911143724_500.jpg/melon/resize/120/quality/80/optimize","감성"
241,"우린 그렇게 사랑해서","강민경 (다비치)","https://cdnimg.melon.co.kr/cm2/album/images/110/63/334/11063334_20220923180858_500.jpg/melon/resize/120/quality/80/optimize","감성"
242,"너와 나 사이","태연 (TAEYEON)","https://cdnimg.melon.co.kr/cm2/album/images/110/62/036/11062036_20220922101152_500.jpg/melon/resize/120/quality/80/optimize","감성"
243,"벌써일년","브라운 아이즈","https://cdnimg.melon.co.kr/cm/album/images/003/52/513/352513_500.jpg/melon/resize/120/quality/80/optimize","감성"
244,"그때의 나, 그때의 우리","어반자카파","https://cdnimg.melon.co.kr/cm/album/images/101/08/597/10108597_500.jpg/melon/resize/120/quality/80/optimize","감성"
245,"저녁 하늘","에일리(Ailee)","https://cdnimg.melon.co.kr/cm/album/images/021/53/251/2153251_500.jpg/melon/resize/120/quality/80/optimize","감성"
246,"pony (sketch ver.)","잔나비","https://cdnimg.melon.co.kr/cm2/album/images/112/70/051/11270051_20230621105357_500.jpg/melon/resize/120/quality/80/optimize","감성"
247,"헤어지지 못하는 여자, 떠나가지 못하는 남자 (Feat. 정인)","리쌍","https://cdnimg.melon.co.kr/cm/album/images/006/82/952/682952_500.jpg/melon/resize/120/quality/80/optimize","감성"
248,"바람","윤하 (YOUNHA)","https://cdnimg.melon.co.kr/cm2/album/images/112/40/350/11240350_20230509165510_500.jpg/melon/resize/120/quality/80/optimize","감성"
249,"IF YOU","BIGBANG (빅뱅)","https://cdnimg.melon.co.kr/cm/album/images/023/26/937/2326937_500.jpg/melon/resize/120/quality/80/optimize","감성"
250,"나의 첫사랑","다비치","https://cdnimg.melon.co.kr/cm2/album/images/107/42/957/10742957_20211018112153_500.jpg/melon/resize/120/quality/80/optimize","감성"
251,"소녀","오혁","https://cdnimg.melon.co.kr/cm/album/images/026/52/150/2652150_500.jpg/melon/resize/120/quality/80/optimize","감성"
252,"가을 타나 봐","바이브","https://cdnimg.melon.co.kr/cm/album/images/102/05/439/10205439_500.jpg/melon/resize/120/quality/80/optimize","감성"
253,"이 사랑","다비치","https://cdnimg.melon.co.kr/cm/album/images/026/69/778/2669778_500.jpg/melon/resize/120/quality/80/optimize","감성"
254,"다시 사랑한다면 (니글니글 버터플라이)","김필","https://cdnimg.melon.co.kr/cm/album/images/026/68/301/2668301_500.jpg/melon/resize/120/quality/80/optimize","감성"
255,"사랑할 수밖에","볼빨간사춘기","https://cdnimg.melon.co.kr/cm2/album/images/113/82/496/11382496_20231211180054_500.jpg/melon/resize/120/quality/80/optimize","감성"
256,"참다행이야","에스파파(S.Papa.)","https://cdnimg.melon.co.kr/cm/album/images/003/12/193/312193_500.jpg/melon/resize/120/quality/80/optimize","감성"
257,"못해 (Feat. 美)","포맨 (4MEN)","https://cdnimg.melon.co.kr/cm/album/images/007/72/051/772051_500.jpg/melon/resize/120/quality/80/optimize","감성"
258,"영원해","도경수(D.O.)","https://cdnimg.melon.co.kr/cm2/album/images/117/88/908/11788908_20250425144129_500.jpg/melon/resize/120/quality/80/optimize","감성"
259,"미치게 그리워서","황가람","https://cdnimg.melon.co.kr/cm2/album/images/117/10/367/11710367_20250207120041_500.jpg/melon/resize/120/quality/80/optimize","감성"
260,"나는 반딧불","황가람","https://cdnimg.melon.co.kr/cm2/album/images/116/20/541/11620541_20241018183253_500.jpg/melon/resize/120/quality/80/optimize","감성"
261,"가을 안부","먼데이 키즈","https://cdnimg.melon.co.kr/cm/album/images/101/02/177/10102177_500.jpg/melon/resize/120/quality/80/optimize","감성"
262,"가까운 듯 먼 그대여","카더가든","https://cdnimg.melon.co.kr/cm2/album/images/106/92/255/10692255_20210825184324_500.jpg/melon/resize/120/quality/80/optimize","감성"
263,"나였더라면","환희","https://cdnimg.melon.co.kr/cm2/album/images/116/43/228/11643228_20241115162051_500.jpg/melon/resize/120/quality/80/optimize","감성"
264,"바람에","Kid Wine","https://cdnimg.melon.co.kr/cm2/album/images/116/48/408/11648408_20241122120236_500.jpg/melon/resize/120/quality/80/optimize","감성"
265,"그걸 사랑이라고 말하지마","다비치","https://cdnimg.melon.co.kr/cm2/album/images/116/45/314/11645314_20241119175111_500.jpg/melon/resize/120/quality/80/optimize","감성"
266,"그대라는 시","태연 (TAEYEON)","https://cdnimg.melon.co.kr/cm/album/images/103/09/213/10309213_500.jpg/melon/resize/120/quality/80/optimize","감성"
267,"주저하는 연인들을 위해","잔나비","https://cdnimg.melon.co.kr/cm/album/images/102/60/858/10260858_500.jpg/melon/resize/120/quality/80/optimize","감성"
268,"운명 (2025)","먼데이 키즈","https://cdnimg.melon.co.kr/cm2/album/images/119/45/858/11945858_20250725140649_500.jpg/melon/resize/120/quality/80/optimize","감성"
269,"너를 만나","폴킴","https://cdnimg.melon.co.kr/cm/album/images/102/17/134/10217134_500.jpg/melon/resize/120/quality/80/optimize","감성"
270,"그때 그 아인","김필","https://cdnimg.melon.co.kr/cm2/album/images/103/88/581/10388581_20200214160016_500.jpg/melon/resize/120/quality/80/optimize","감성"
271,"널 사랑하지 않아","어반자카파","https://cdnimg.melon.co.kr/cm/album/images/026/87/420/2687420_500.jpg/melon/resize/120/quality/80/optimize","감성"
272,"모든 날, 모든 순간 (Every day, Every Moment)","폴킴","https://cdnimg.melon.co.kr/cm/album/images/101/49/492/10149492_500.jpg/melon/resize/120/quality/80/optimize","감성"
273,"잠시라도 우리","성시경","https://cdnimg.melon.co.kr/cm2/album/images/113/47/483/11347483_20231018164423_500.jpg/melon/resize/120/quality/80/optimize","감성"
274,"10월 4일","아이유","https://cdnimg.melon.co.kr/cm2/album/images/118/31/781/11831781_20250526162725_500.jpg/melon/resize/120/quality/80/optimize","감성"
275,"우리 왜 헤어져야 해","신예영","https://cdnimg.melon.co.kr/cm2/album/images/103/53/881/10353881_500.jpg/melon/resize/120/quality/80/optimize","감성"
276,"기다린 만큼, 더","검정치마","https://cdnimg.melon.co.kr/cm/album/images/026/90/838/2690838_500.jpg/melon/resize/120/quality/80/optimize","감성"
277,"그때가 좋았어","케이시 (Kassy)","https://cdnimg.melon.co.kr/cm/album/images/102/37/420/10237420_500.jpg/melon/resize/120/quality/80/optimize","감성"
278,"그대만 있다면 (여름날 우리 X 너드커넥션 (Nerd Connection))","너드커넥션 (Nerd Connection)","https://cdnimg.melon.co.kr/cm2/album/images/113/05/759/11305759_20230814111006_500.jpg/melon/resize/120/quality/80/optimize","감성"
279,"면도","조장혁","https://cdnimg.melon.co.kr/cm2/album/images/115/94/172/11594172_20240913204840_500.jpg/melon/resize/120/quality/80/optimize","감성"
280,"다시 시작해보자","김동률","https://cdnimg.melon.co.kr/cm/album/images/003/66/933/366933_500.jpg/melon/resize/120/quality/80/optimize","감성"
281,"눈물 나게 만들었잖아","린","https://cdnimg.melon.co.kr/cm2/album/images/116/21/907/11621907_20241022162225_500.jpg/melon/resize/120/quality/80/optimize","감성"
282,"내게 사랑이 뭐냐고 물어본다면","로이킴","https://cdnimg.melon.co.kr/cm2/album/images/116/16/312/11616312_20241015135802_500.jpg/melon/resize/120/quality/80/optimize","감성"
283,"향기","하현상","https://cdnimg.melon.co.kr/cm2/album/images/116/21/612/11621612_20241022141419_500.jpg/melon/resize/120/quality/80/optimize","감성"
284,"그리운건 그대일까 그때일까 (A Sleepless Night)","CNBLUE (씨엔블루)","https://cdnimg.melon.co.kr/cm2/album/images/116/14/359/11614359_20241011183257_500.jpg/melon/resize/120/quality/80/optimize","감성"
285,"Love wins all","아이유","https://cdnimg.melon.co.kr/cm2/album/images/114/04/142/11404142_20240220141548_500.jpg/melon/resize/120/quality/80/optimize","감성"
286,"시간과 낙엽","AKMU (악뮤)","https://cdnimg.melon.co.kr/cm/album/images/022/85/311/2285311_500.jpg/melon/resize/120/quality/80/optimize","감성"
287,"되돌리다","이승기","https://cdnimg.melon.co.kr/cm/album/images/021/67/822/2167822_500.jpg/melon/resize/120/quality/80/optimize","감성"
288,"그런 사람 또 없습니다","이승철","https://cdnimg.melon.co.kr/cm/album/images/006/52/251/652251_500.jpg/melon/resize/120/quality/80/optimize","감성"
289,"음","린","https://cdnimg.melon.co.kr/cm2/album/images/116/08/392/11608392_20241004152651_500.jpg/melon/resize/120/quality/80/optimize","감성"
290,"오래된 일","카더가든","https://cdnimg.melon.co.kr/cm2/album/images/113/23/980/11323980_20230911143724_500.jpg/melon/resize/120/quality/80/optimize","감성"
291,"우린 그렇게 사랑해서","강민경 (다비치)","https://cdnimg.melon.co.kr/cm2/album/images/110/63/334/11063334_20220923180858_500.jpg/melon/resize/120/quality/80/optimize","감성"
292,"너와 나 사이","태연 (TAEYEON)","https://cdnimg.melon.co.kr/cm2/album/images/110/62/036/11062036_20220922101152_500.jpg/melon/resize/120/quality/80/optimize","감성"
293,"벌써일년","브라운 아이즈","https://cdnimg.melon.co.kr/cm/album/images/003/52/513/352513_500.jpg/melon/resize/120/quality/80/optimize","감성"
294,"그때의 나, 그때의 우리","어반자카파","https://cdnimg.melon.co.kr/cm/album/images/101/08/597/10108597_500.jpg/melon/resize/120/quality/80/optimize","감성"
295,"저녁 하늘","에일리(Ailee)","https://cdnimg.melon.co.kr/cm/album/images/021/53/251/2153251_500.jpg/melon/resize/120/quality/80/optimize","감성"
296,"pony (sketch ver.)","잔나비","https://cdnimg.melon.co.kr/cm2/album/images/112/70/051/11270051_20230621105357_500.jpg/melon/resize/120/quality/80/optimize","감성"
297,"헤어지지 못하는 여자, 떠나가지 못하는 남자 (Feat. 정인)","리쌍","https://cdnimg.melon.co.kr/cm/album/images/006/82/952/682952_500.jpg/melon/resize/120/quality/80/optimize","감성"
298,"바람","윤하 (YOUNHA)","https://cdnimg.melon.co.kr/cm2/album/images/112/40/350/11240350_20230509165510_500.jpg/melon/resize/120/quality/80/optimize","감성"
299,"IF YOU","BIGBANG (빅뱅)","https://cdnimg.melon.co.kr/cm/album/images/023/26/937/2326937_500.jpg/melon/resize/120/quality/80/optimize","감성"
300,"나의 첫사랑","다비치","https://cdnimg.melon.co.kr/cm2/album/images/107/42/957/10742957_20211018112153_500.jpg/melon/resize/120/quality/80/optimize","감성"
301,"소나기","이클립스 (ECLIPSE)","https://cdnimg.melon.co.kr/cm2/album/images/114/59/325/11459325_20240405171054_500.jpg/melon/resize/120/quality/80/optimize","우울"
302,"어떻게 이별까지 사랑하겠어, 널 사랑하는 거지","AKMU (악뮤)","https://cdnimg.melon.co.kr/cm2/album/images/103/31/947/10331947_500.jpg/melon/resize/120/quality/80/optimize","우울"
303,"그대만 있다면 (여름날 우리 X 너드커넥션 (Nerd Connection))","너드커넥션 (Nerd Connection)","https://cdnimg.melon.co.kr/cm2/album/images/113/05/759/11305759_20230814111006_500.jpg/melon/resize/120/quality/80/optimize","우울"
304,"Love wins all","아이유","https://cdnimg.melon.co.kr/cm2/album/images/114/04/142/11404142_20240220141548_500.jpg/melon/resize/120/quality/80/optimize","우울"
305,"주저하는 연인들을 위해","잔나비","https://cdnimg.melon.co.kr/cm/album/images/102/60/858/10260858_500.jpg/melon/resize/120/quality/80/optimize","우울"
306,"너의 모든 순간","성시경","https://cdnimg.melon.co.kr/cm/album/images/022/32/505/2232505_500.jpg/melon/resize/120/quality/80/optimize","우울"
307,"헤어지자 말해요","박재정","https://cdnimg.melon.co.kr/cm2/album/images/112/27/533/11227533_20230419162238_500.jpg/melon/resize/120/quality/80/optimize","우울"
308,"가까운 듯 먼 그대여","카더가든","https://cdnimg.melon.co.kr/cm2/album/images/106/92/255/10692255_20210825184324_500.jpg/melon/resize/120/quality/80/optimize","우울"
309,"나무","카더가든","https://cdnimg.melon.co.kr/cm/album/images/102/74/611/10274611_500.jpg/melon/resize/120/quality/80/optimize","우울"
310,"yours","데이먼스 이어 (Damons year)","https://cdnimg.melon.co.kr/cm/album/images/102/71/978/10271978_500.jpg/melon/resize/120/quality/80/optimize","우울"
311,"숲","최유리","https://cdnimg.melon.co.kr/cm2/album/images/110/36/283/11036283_20220823181214_500.jpg/melon/resize/120/quality/80/optimize","우울"
312,"희재","성시경","https://cdnimg.melon.co.kr/cm/album/images/000/28/985/28985_500.jpg/melon/resize/120/quality/80/optimize","우울"
313,"어른","Sondia","https://cdnimg.melon.co.kr/cm/album/images/101/52/984/10152984_500.jpg/melon/resize/120/quality/80/optimize","우울"
314,"너였다면","정승환","https://cdnimg.melon.co.kr/cm/album/images/026/87/963/2687963_500.jpg/melon/resize/120/quality/80/optimize","우울"
315,"밤편지","아이유","https://cdnimg.melon.co.kr/cm/album/images/100/47/890/10047890_500.jpg/melon/resize/120/quality/80/optimize","우울"
316,"응급실","izi","https://cdnimg.melon.co.kr/cm/album/images/000/48/736/48736_500.jpg/melon/resize/120/quality/80/optimize","우울"
317,"사랑하지 않아서 그랬어","임한별","https://cdnimg.melon.co.kr/cm2/album/images/112/15/072/11215072_20230331123824_500.jpg/melon/resize/120/quality/80/optimize","우울"
318,"오늘도 빛나는 너에게 (To You My Light) (Feat.이라온)","마크툽 (MAKTUB)","https://cdnimg.melon.co.kr/cm/album/images/102/94/603/10294603_500.jpg/melon/resize/120/quality/80/optimize","우울"
319,"눈사람","정승환","https://cdnimg.melon.co.kr/cm/album/images/101/36/251/10136251_500.jpg/melon/resize/120/quality/80/optimize","우울"
320,"좋은 밤 좋은 꿈","너드커넥션 (Nerd Connection)","https://cdnimg.melon.co.kr/cm2/album/images/104/06/229/10406229_20200320173757_500.jpg/melon/resize/120/quality/80/optimize","우울"
321,"늦은 밤 너의 집 앞 골목길에서","노을","https://cdnimg.melon.co.kr/cm2/album/images/103/48/811/10348811_500.jpg/melon/resize/120/quality/80/optimize","우울"
322,"Off My Face","Justin Bieber","https://cdnimg.melon.co.kr/cm2/album/images/105/80/103/10580103_20211008114642_500.jpg/melon/resize/120/quality/80/optimize","우울"
323,"너의 번호를 누르고 (Prod. 영화처럼)","#안녕","https://cdnimg.melon.co.kr/cm2/album/images/103/59/126/10359126_500.jpg/melon/resize/120/quality/80/optimize","우울"
324,"너를 만나","폴킴","https://cdnimg.melon.co.kr/cm/album/images/102/17/134/10217134_500.jpg/melon/resize/120/quality/80/optimize","우울"
325,"그때가 좋았어","케이시 (Kassy)","https://cdnimg.melon.co.kr/cm/album/images/102/37/420/10237420_500.jpg/melon/resize/120/quality/80/optimize","우울"
326,"우산 (Feat. 윤하)","에픽하이 (EPIK HIGH)","https://cdnimg.melon.co.kr/cm/album/images/003/76/100/376100_500.jpg/melon/resize/120/quality/80/optimize","우울"
327,"사랑에 연습이 있었다면 (Prod. 2soo)","임재현","https://cdnimg.melon.co.kr/cm/album/images/102/07/131/10207131_500.jpg/melon/resize/120/quality/80/optimize","우울"
328,"솔직하게 말해서 나","김나영","https://cdnimg.melon.co.kr/cm/album/images/102/94/763/10294763_500.jpg/melon/resize/120/quality/80/optimize","우울"
329,"TOMBOY","혁오 (HYUKOH)","https://cdnimg.melon.co.kr/cm/album/images/100/57/570/10057570_500.jpg/melon/resize/120/quality/80/optimize","우울"
330,"비가 오는 날엔","비스트","https://cdnimg.melon.co.kr/cm/album/images/012/72/951/1272951_500.jpg/melon/resize/120/quality/80/optimize","우울"
331,"이별하러 가는 길","임한별","https://cdnimg.melon.co.kr/cm/album/images/102/03/965/10203965_500.jpg/melon/resize/120/quality/80/optimize","우울"
332,"기다린 만큼, 더","검정치마","https://cdnimg.melon.co.kr/cm/album/images/026/90/838/2690838_500.jpg/melon/resize/120/quality/80/optimize","우울"
333,"그대가 내 안에 박혔다(그내박)","순순희(기태)","https://cdnimg.melon.co.kr/cm2/album/images/111/54/218/11154218_20230120135907_500.jpg/melon/resize/120/quality/80/optimize","우울"
334,"기억해줘요 내 모든 날과 그때를","거미 (GUMMY)","https://cdnimg.melon.co.kr/cm/album/images/103/14/289/10314289_500.jpg/melon/resize/120/quality/80/optimize","우울"
335,"시든 꽃에 물을 주듯","HYNN (박혜원)","https://cdnimg.melon.co.kr/cm/album/images/102/67/986/10267986_500.jpg/melon/resize/120/quality/80/optimize","우울"
336,"비도 오고 그래서 (Feat. 신용재)","헤이즈 (Heize)","https://cdnimg.melon.co.kr/cm/album/images/100/74/454/10074454_500.jpg/melon/resize/120/quality/80/optimize","우울"
337,"Vancouver","BIG Naughty (서동현)","https://cdnimg.melon.co.kr/cm2/album/images/109/41/011/10941011_20220503153950_500.jpg/melon/resize/120/quality/80/optimize","우울"
338,"나의 사춘기에게","볼빨간사춘기","https://cdnimg.melon.co.kr/cm/album/images/101/00/191/10100191_500.jpg/melon/resize/120/quality/80/optimize","우울"
339,"첫사랑","백아","https://cdnimg.melon.co.kr/cm/album/images/102/10/149/10210149_500.jpg/melon/resize/120/quality/80/optimize","우울"
340,"오래된 노래","스탠딩 에그","https://cdnimg.melon.co.kr/cm/album/images/021/48/596/2148596_500.jpg/melon/resize/120/quality/80/optimize","우울"
341,"좋니","윤종신","https://cdnimg.melon.co.kr/cm/album/images/100/73/513/10073513_500.jpg/melon/resize/120/quality/80/optimize","우울"
342,"뜨거운 여름밤은 가고 남은 건 볼품없지만","잔나비","https://cdnimg.melon.co.kr/cm/album/images/027/02/242/2702242_500.jpg/melon/resize/120/quality/80/optimize","우울"
343,"I'm Not The Only One","Sam Smith","https://cdnimg.melon.co.kr/cm/album/images/022/58/028/2258028_500.jpg/melon/resize/120/quality/80/optimize","우울"
344,"...사랑했잖아...","린","https://cdnimg.melon.co.kr/cm/album/images/000/34/289/34289_500.jpg/melon/resize/120/quality/80/optimize","우울"
345,"가을 안부","먼데이 키즈","https://cdnimg.melon.co.kr/cm/album/images/101/02/177/10102177_500.jpg/melon/resize/120/quality/80/optimize","우울"
346,"영원은 그렇듯","리도어 (Redoor)","https://cdnimg.melon.co.kr/cm2/album/images/105/44/131/10544131_20210107151851_500.jpg/melon/resize/120/quality/80/optimize","우울"
347,"어떻게 지내 (Prod. By VAN.C)","오반(OVAN)","https://cdnimg.melon.co.kr/cm2/album/images/103/99/190/10399190_20200305151138_500.jpg/melon/resize/120/quality/80/optimize","우울"
348,"너에게 못했던 내 마지막 말은","다비치","https://cdnimg.melon.co.kr/cm/album/images/102/86/309/10286309_500.jpg/melon/resize/120/quality/80/optimize","우울"
349,"저녁 하늘","에일리(Ailee)","https://cdnimg.melon.co.kr/cm/album/images/021/53/251/2153251_500.jpg/melon/resize/120/quality/80/optimize","우울"
350,"우리 왜 헤어져야 해","신예영","https://cdnimg.melon.co.kr/cm2/album/images/103/53/881/10353881_500.jpg/melon/resize/120/quality/80/optimize","우울"
351,"소나기","이클립스 (ECLIPSE)","https://cdnimg.melon.co.kr/cm2/album/images/114/59/325/11459325_20240405171054_500.jpg/melon/resize/120/quality/80/optimize","우울"
352,"어떻게 이별까지 사랑하겠어, 널 사랑하는 거지","AKMU (악뮤)","https://cdnimg.melon.co.kr/cm2/album/images/103/31/947/10331947_500.jpg/melon/resize/120/quality/80/optimize","우울"
353,"그대만 있다면 (여름날 우리 X 너드커넥션 (Nerd Connection))","너드커넥션 (Nerd Connection)","https://cdnimg.melon.co.kr/cm2/album/images/113/05/759/11305759_20230814111006_500.jpg/melon/resize/120/quality/80/optimize","우울"
354,"Love wins all","아이유","https://cdnimg.melon.co.kr/cm2/album/images/114/04/142/11404142_20240220141548_500.jpg/melon/resize/120/quality/80/optimize","우울"
355,"주저하는 연인들을 위해","잔나비","https://cdnimg.melon.co.kr/cm/album/images/102/60/858/10260858_500.jpg/melon/resize/120/quality/80/optimize","우울"
356,"너의 모든 순간","성시경","https://cdnimg.melon.co.kr/cm/album/images/022/32/505/2232505_500.jpg/melon/resize/120/quality/80/optimize","우울"
357,"헤어지자 말해요","박재정","https://cdnimg.melon.co.kr/cm2/album/images/112/27/533/11227533_20230419162238_500.jpg/melon/resize/120/quality/80/optimize","우울"
358,"가까운 듯 먼 그대여","카더가든","https://cdnimg.melon.co.kr/cm2/album/images/106/92/255/10692255_20210825184324_500.jpg/melon/resize/120/quality/80/optimize","우울"
359,"나무","카더가든","https://cdnimg.melon.co.kr/cm/album/images/102/74/611/10274611_500.jpg/melon/resize/120/quality/80/optimize","우울"
360,"yours","데이먼스 이어 (Damons year)","https://cdnimg.melon.co.kr/cm/album/images/102/71/978/10271978_500.jpg/melon/resize/120/quality/80/optimize","우울"
361,"숲","최유리","https://cdnimg.melon.co.kr/cm2/album/images/110/36/283/11036283_20220823181214_500.jpg/melon/resize/120/quality/80/optimize","우울"
362,"희재","성시경","https://cdnimg.melon.co.kr/cm/album/images/000/28/985/28985_500.jpg/melon/resize/120/quality/80/optimize","우울"
363,"어른","Sondia","https://cdnimg.melon.co.kr/cm/album/images/101/52/984/10152984_500.jpg/melon/resize/120/quality/80/optimize","우울"
364,"너였다면","정승환","https://cdnimg.melon.co.kr/cm/album/images/026/87/963/2687963_500.jpg/melon/resize/120/quality/80/optimize","우울"
365,"밤편지","아이유","https://cdnimg.melon.co.kr/cm/album/images/100/47/890/10047890_500.jpg/melon/resize/120/quality/80/optimize","우울"
366,"응급실","izi","https://cdnimg.melon.co.kr/cm/album/images/000/48/736/48736_500.jpg/melon/resize/120/quality/80/optimize","우울"
367,"사랑하지 않아서 그랬어","임한별","https://cdnimg.melon.co.kr/cm2/album/images/112/15/072/11215072_20230331123824_500.jpg/melon/resize/120/quality/80/optimize","우울"
368,"오늘도 빛나는 너에게 (To You My Light) (Feat.이라온)","마크툽 (MAKTUB)","https://cdnimg.melon.co.kr/cm/album/images/102/94/603/10294603_500.jpg/melon/resize/120/quality/80/optimize","우울"
369,"눈사람","정승환","https://cdnimg.melon.co.kr/cm/album/images/101/36/251/10136251_500.jpg/melon/resize/120/quality/80/optimize","우울"
370,"좋은 밤 좋은 꿈","너드커넥션 (Nerd Connection)","https://cdnimg.melon.co.kr/cm2/album/images/104/06/229/10406229_20200320173757_500.jpg/melon/resize/120/quality/80/optimize","우울"
371,"늦은 밤 너의 집 앞 골목길에서","노을","https://cdnimg.melon.co.kr/cm2/album/images/103/48/811/10348811_500.jpg/melon/resize/120/quality/80/optimize","우울"
372,"Off My Face","Justin Bieber","https://cdnimg.melon.co.kr/cm2/album/images/105/80/103/10580103_20211008114642_500.jpg/melon/resize/120/quality/80/optimize","우울"
373,"너의 번호를 누르고 (Prod. 영화처럼)","#안녕","https://cdnimg.melon.co.kr/cm2/album/images/103/59/126/10359126_500.jpg/melon/resize/120/quality/80/optimize","우울"
374,"너를 만나","폴킴","https://cdnimg.melon.co.kr/cm/album/images/102/17/134/10217134_500.jpg/melon/resize/120/quality/80/optimize","우울"
375,"그때가 좋았어","케이시 (Kassy)","https://cdnimg.melon.co.kr/cm/album/images/102/37/420/10237420_500.jpg/melon/resize/120/quality/80/optimize","우울"
376,"우산 (Feat. 윤하)","에픽하이 (EPIK HIGH)","https://cdnimg.melon.co.kr/cm/album/images/003/76/100/376100_500.jpg/melon/resize/120/quality/80/optimize","우울"
377,"사랑에 연습이 있었다면 (Prod. 2soo)","임재현","https://cdnimg.melon.co.kr/cm/album/images/102/07/131/10207131_500.jpg/melon/resize/120/quality/80/optimize","우울"
378,"솔직하게 말해서 나","김나영","https://cdnimg.melon.co.kr/cm/album/images/102/94/763/10294763_500.jpg/melon/resize/120/quality/80/optimize","우울"
379,"TOMBOY","혁오 (HYUKOH)","https://cdnimg.melon.co.kr/cm/album/images/100/57/570/10057570_500.jpg/melon/resize/120/quality/80/optimize","우울"
380,"비가 오는 날엔","비스트","https://cdnimg.melon.co.kr/cm/album/images/012/72/951/1272951_500.jpg/melon/resize/120/quality/80/optimize","우울"
381,"이별하러 가는 길","임한별","https://cdnimg.melon.co.kr/cm/album/images/102/03/965/10203965_500.jpg/melon/resize/120/quality/80/optimize","우울"
382,"기다린 만큼, 더","검정치마","https://cdnimg.melon.co.kr/cm/album/images/026/90/838/2690838_500.jpg/melon/resize/120/quality/80/optimize","우울"
383,"그대가 내 안에 박혔다(그내박)","순순희(기태)","https://cdnimg.melon.co.kr/cm2/album/images/111/54/218/11154218_20230120135907_500.jpg/melon/resize/120/quality/80/optimize","우울"
384,"기억해줘요 내 모든 날과 그때를","거미 (GUMMY)","https://cdnimg.melon.co.kr/cm/album/images/103/14/289/10314289_500.jpg/melon/resize/120/quality/80/optimize","우울"
385,"시든 꽃에 물을 주듯","HYNN (박혜원)","https://cdnimg.melon.co.kr/cm/album/images/102/67/986/10267986_500.jpg/melon/resize/120/quality/80/optimize","우울"
386,"비도 오고 그래서 (Feat. 신용재)","헤이즈 (Heize)","https://cdnimg.melon.co.kr/cm/album/images/100/74/454/10074454_500.jpg/melon/resize/120/quality/80/optimize","우울"
387,"Vancouver","BIG Naughty (서동현)","https://cdnimg.melon.co.kr/cm2/album/images/109/41/011/10941011_20220503153950_500.jpg/melon/resize/120/quality/80/optimize","우울"
388,"나의 사춘기에게","볼빨간사춘기","https://cdnimg.melon.co.kr/cm/album/images/101/00/191/10100191_500.jpg/melon/resize/120/quality/80/optimize","우울"
389,"첫사랑","백아","https://cdnimg.melon.co.kr/cm/album/images/102/10/149/10210149_500.jpg/melon/resize/120/quality/80/optimize","우울"
390,"오래된 노래","스탠딩 에그","https://cdnimg.melon.co.kr/cm/album/images/021/48/596/2148596_500.jpg/melon/resize/120/quality/80/optimize","우울"
391,"좋니","윤종신","https://cdnimg.melon.co.kr/cm/album/images/100/73/513/10073513_500.jpg/melon/resize/120/quality/80/optimize","우울"
392,"뜨거운 여름밤은 가고 남은 건 볼품없지만","잔나비","https://cdnimg.melon.co.kr/cm/album/images/027/02/242/2702242_500.jpg/melon/resize/120/quality/80/optimize","우울"
393,"I'm Not The Only One","Sam Smith","https://cdnimg.melon.co.kr/cm/album/images/022/58/028/2258028_500.jpg/melon/resize/120/quality/80/optimize","우울"
394,"...사랑했잖아...","린","https://cdnimg.melon.co.kr/cm/album/images/000/34/289/34289_500.jpg/melon/resize/120/quality/80/optimize","우울"
395,"가을 안부","먼데이 키즈","https://cdnimg.melon.co.kr/cm/album/images/101/02/177/10102177_500.jpg/melon/resize/120/quality/80/optimize","우울"
396,"영원은 그렇듯","리도어 (Redoor)","https://cdnimg.melon.co.kr/cm2/album/images/105/44/131/10544131_20210107151851_500.jpg/melon/resize/120/quality/80/optimize","우울"
397,"어떻게 지내 (Prod. By VAN.C)","오반(OVAN)","https://cdnimg.melon.co.kr/cm2/album/images/103/99/190/10399190_20200305151138_500.jpg/melon/resize/120/quality/80/optimize","우울"
398,"너에게 못했던 내 마지막 말은","다비치","https://cdnimg.melon.co.kr/cm/album/images/102/86/309/10286309_500.jpg/melon/resize/120/quality/80/optimize","우울"
399,"저녁 하늘","에일리(Ailee)","https://cdnimg.melon.co.kr/cm/album/images/021/53/251/2153251_500.jpg/melon/resize/120/quality/80/optimize","우울"
400,"우리 왜 헤어져야 해","신예영","https://cdnimg.melon.co.kr/cm2/album/images/103/53/881/10353881_500.jpg/melon/resize/120/quality/80/optimize","우울"
401,"행복해져라","QWER","https://cdnimg.melon.co.kr/cm2/album/images/118/47/675/11847675_20250605193604_500.jpg/melon/resize/120/quality/80/optimize","힐링"
402,"빨간 운동화","아이유","https://cdnimg.melon.co.kr/cm2/album/images/118/31/781/11831781_20250526162725_500.jpg/melon/resize/120/quality/80/optimize","힐링"
403,"Pookie","FIFTY FIFTY","https://cdnimg.melon.co.kr/cm2/album/images/117/87/269/11787269_20250424103320_500.jpg/melon/resize/120/quality/80/optimize","힐링"
404,"마음 따라 뛰는 건 멋지지 않아?","TWS (투어스)","https://cdnimg.melon.co.kr/cm2/album/images/117/81/966/11781966_20250421102639_500.jpg/melon/resize/120/quality/80/optimize","힐링"
405,"Going on","RESCENE (리센느)","https://cdnimg.melon.co.kr/cm2/album/images/117/07/015/11707015_20250204161952_500.jpg/melon/resize/120/quality/80/optimize","힐링"
406,"Heaven","투모로우바이투게더","https://cdnimg.melon.co.kr/cm2/album/images/116/32/009/11632009_20241104105912_500.jpg/melon/resize/120/quality/80/optimize","힐링"
407,"Sunny Day","안유진 (IVE)","https://cdnimg.melon.co.kr/cm2/album/images/117/70/099/11770099_20250410170601_500.jpg/melon/resize/120/quality/80/optimize","힐링"
408,"하늘을 나는 꿈 (Heavenly)","NCT DREAM","https://cdnimg.melon.co.kr/cm2/album/images/116/37/353/11637353_20241108161655_500.jpg/melon/resize/120/quality/80/optimize","힐링"
409,"너와의 모든 지금","재쓰비 (JAESSBEE)","https://cdnimg.melon.co.kr/cm2/album/images/116/37/218/11637218_20241108150236_500.jpg/melon/resize/120/quality/80/optimize","힐링"
410,"Conversation","온유 (ONEW)","https://cdnimg.melon.co.kr/cm2/album/images/116/64/450/11664450_20250103162527_500.jpg/melon/resize/120/quality/80/optimize","힐링"
411,"I’ll Like You","아일릿(ILLIT)","https://cdnimg.melon.co.kr/cm2/album/images/116/20/616/11620616_20241021095654_500.jpg/melon/resize/120/quality/80/optimize","힐링"
412,"Feel the POP","ZEROBASEONE (제로베이스원)","https://cdnimg.melon.co.kr/cm2/album/images/114/69/986/11469986_20240513162331_500.jpg/melon/resize/120/quality/80/optimize","힐링"
413,"Bubble Gum","NewJeans","https://cdnimg.melon.co.kr/cm2/album/images/114/75/749/11475749_20240524105642_500.jpg/melon/resize/120/quality/80/optimize","힐링"
414,"One Kiss","RIIZE","https://cdnimg.melon.co.kr/cm2/album/images/114/56/179/11456179_20240617152303_500.jpg/melon/resize/120/quality/80/optimize","힐링"
415,"Lucky Girl Syndrome","아일릿(ILLIT)","https://cdnimg.melon.co.kr/cm2/album/images/114/50/069/11450069_20240325110702_500.jpg/melon/resize/120/quality/80/optimize","힐링"
416,"Lucky Charm","BOYNEXTDOOR","https://cdnimg.melon.co.kr/cm2/album/images/115/25/129/11525129_20240627200657_500.jpg/melon/resize/120/quality/80/optimize","힐링"
417,"NEW NEW","TWICE (트와이스)","https://cdnimg.melon.co.kr/cm2/album/images/114/24/984/11424984_20240222142756_500.jpg/melon/resize/120/quality/80/optimize","힐링"
418,"Happily Ever After","투모로우바이투게더","https://cdnimg.melon.co.kr/cm2/album/images/113/43/302/11343302_20231012153730_500.jpg/melon/resize/120/quality/80/optimize","힐링"
419,"Shopper","아이유","https://cdnimg.melon.co.kr/cm2/album/images/114/04/142/11404142_20240220141548_500.jpg/melon/resize/120/quality/80/optimize","힐링"
420,"Perfect Night","LE SSERAFIM (르세라핌)","https://cdnimg.melon.co.kr/cm2/album/images/113/52/904/11352904_20231027101104_500.jpg/melon/resize/120/quality/80/optimize","힐링"
421,"Hot Air Balloon","aespa","https://cdnimg.melon.co.kr/cm2/album/images/113/62/544/11362544_20231110142622_500.jpg/melon/resize/120/quality/80/optimize","힐링"
422,"unplugged boy","TWS (투어스)","https://cdnimg.melon.co.kr/cm2/album/images/113/91/902/11391902_20240122132041_500.jpg/melon/resize/120/quality/80/optimize","힐링"
423,"Diamond","트라이비(TRI.BE)","https://cdnimg.melon.co.kr/cm2/album/images/114/21/241/11421241_20240219145849_500.jpg/melon/resize/120/quality/80/optimize","힐링"
424,"Honeybee","츄 (CHUU)","https://cdnimg.melon.co.kr/cm2/album/images/115/19/459/11519459_20240626160545_500.jpg/melon/resize/120/quality/80/optimize","힐링"
425,"우리가 몰랐던 것들 (Simple Joys)","도경수(D.O.)","https://cdnimg.melon.co.kr/cm2/album/images/114/77/689/11477689_20240507151429_500.jpg/melon/resize/120/quality/80/optimize","힐링"
426,"MILKY WAY","앨리스 (ALICE)","https://cdnimg.melon.co.kr/cm2/album/images/114/86/228/11486228_20240510111945_500.jpg/melon/resize/120/quality/80/optimize","힐링"
427,"Up 2 Me","VIVIZ (비비지)","https://cdnimg.melon.co.kr/cm2/album/images/113/56/868/11356868_20231101160655_500.jpg/melon/resize/120/quality/80/optimize","힐링"
428,"What's On Your Mind? (Feat. UNE)","HAAN","https://cdnimg.melon.co.kr/cm2/album/images/114/81/874/11481874_20240507114007_500.jpg/melon/resize/120/quality/80/optimize","힐링"
429,"Playlist (플레이리스트)","LAS (라스)","https://cdnimg.melon.co.kr/cm2/album/images/114/77/094/11477094_20240429154813_500.jpg/melon/resize/120/quality/80/optimize","힐링"
430,"하루에 한번씩","g0nny (거니)","https://cdnimg.melon.co.kr/cm2/album/images/114/72/504/11472504_20240424122437_500.jpg/melon/resize/120/quality/80/optimize","힐링"
431,"Love Lee","AKMU (악뮤)","https://cdnimg.melon.co.kr/cm2/album/images/113/09/190/11309190_20230818161008_500.jpg/melon/resize/120/quality/80/optimize","힐링"
432,"찬란한 하루","멜로망스","https://cdnimg.melon.co.kr/cm2/album/images/112/52/530/11252530_20230526144416_500.jpg/melon/resize/120/quality/80/optimize","힐링"
433,"아름다운 구속","NewJeans","https://cdnimg.melon.co.kr/cm2/album/images/113/18/018/11318018_20230831152953_500.jpg/melon/resize/120/quality/80/optimize","힐링"
434,"V (Peace) (feat. AKMU)","Zion.T","https://cdnimg.melon.co.kr/cm2/album/images/113/78/835/11378835_20231206101358_500.jpg/melon/resize/120/quality/80/optimize","힐링"
435,"Get A Guitar","RIIZE","https://cdnimg.melon.co.kr/cm2/album/images/113/09/832/11309832_20230904111501_500.jpg/melon/resize/120/quality/80/optimize","힐링"
436,"MELTING POINT","ZEROBASEONE (제로베이스원)","https://cdnimg.melon.co.kr/cm2/album/images/113/58/523/11358523_20231103153003_500.jpg/melon/resize/120/quality/80/optimize","힐링"
437,"A+","Weeekly (위클리)","https://cdnimg.melon.co.kr/cm2/album/images/113/55/787/11355787_20231031181358_500.jpg/melon/resize/120/quality/80/optimize","힐링"
438,"Dazzling","POW (파우)","https://cdnimg.melon.co.kr/cm2/album/images/113/41/330/11341330_20231011102008_500.jpg/melon/resize/120/quality/80/optimize","힐링"
439,"Sweet & Sour","앰퍼샌드원 (AMPERS&ONE)","https://cdnimg.melon.co.kr/cm2/album/images/113/64/779/11364779_20231114152348_500.jpg/melon/resize/120/quality/80/optimize","힐링"
440,"Love Me Love Me","권진아","https://cdnimg.melon.co.kr/cm2/album/images/113/03/600/11303600_20230809170256_500.jpg/melon/resize/120/quality/80/optimize","힐링"
441,"oh baby","하츠 (hartts)","https://cdnimg.melon.co.kr/cm2/album/images/113/44/894/11344894_20231016163340_500.jpg/melon/resize/120/quality/80/optimize","힐링"
442,"한강에서 (Feat. BIG Naughty)","폴킴","https://cdnimg.melon.co.kr/cm2/album/images/112/50/721/11250721_20230524165408_500.jpg/melon/resize/120/quality/80/optimize","힐링"
443,"사랑만으로 다 되는 일들","정아로","https://cdnimg.melon.co.kr/cm2/album/images/112/95/859/11295859_20230825171538_500.jpg/melon/resize/120/quality/80/optimize","힐링"
444,"어떤 하루 (Feat. Chan)","1DAY","https://cdnimg.melon.co.kr/cm2/album/images/113/40/152/11340152_20231006122739_500.jpg/melon/resize/120/quality/80/optimize","힐링"
445,"Hell Of A Life","iHwak","https://cdnimg.melon.co.kr/cm2/album/images/113/44/019/11344019_20231013114444_500.jpg/melon/resize/120/quality/80/optimize","힐링"
446,"Happy today","네이비쿼카 (NavyQuokka)","https://cdnimg.melon.co.kr/cm2/album/images/112/57/094/11257094_20230602101445_500.jpg/melon/resize/120/quality/80/optimize","힐링"
447,"지금 이대로","적재","https://cdnimg.melon.co.kr/cm2/album/images/113/18/542/11318542_20230901112424_500.jpg/melon/resize/120/quality/80/optimize","힐링"
448,"Chase Love Hard (Feat. 황민현)","볼빨간사춘기","https://cdnimg.melon.co.kr/cm2/album/images/112/24/405/11224405_20230414143309_500.jpg/melon/resize/120/quality/80/optimize","힐링"
449,"To You","Hollow Young","https://cdnimg.melon.co.kr/cm2/album/images/113/91/969/11391969_20240102111155_500.jpg/melon/resize/120/quality/80/optimize","힐링"
450,"FESTIVAL","산다라박","https://cdnimg.melon.co.kr/cm2/album/images/112/83/676/11283676_20230711174827_500.jpg/melon/resize/120/quality/80/optimize","힐링"
451,"행복해져라","QWER","https://cdnimg.melon.co.kr/cm2/album/images/118/47/675/11847675_20250605193604_500.jpg/melon/resize/120/quality/80/optimize","힐링"
452,"빨간 운동화","아이유","https://cdnimg.melon.co.kr/cm2/album/images/118/31/781/11831781_20250526162725_500.jpg/melon/resize/120/quality/80/optimize","힐링"
453,"Pookie","FIFTY FIFTY","https://cdnimg.melon.co.kr/cm2/album/images/117/87/269/11787269_20250424103320_500.jpg/melon/resize/120/quality/80/optimize","힐링"
454,"마음 따라 뛰는 건 멋지지 않아?","TWS (투어스)","https://cdnimg.melon.co.kr/cm2/album/images/117/81/966/11781966_20250421102639_500.jpg/melon/resize/120/quality/80/optimize","힐링"
455,"Going on","RESCENE (리센느)","https://cdnimg.melon.co.kr/cm2/album/images/117/07/015/11707015_20250204161952_500.jpg/melon/resize/120/quality/80/optimize","힐링"
456,"Heaven","투모로우바이투게더","https://cdnimg.melon.co.kr/cm2/album/images/116/32/009/11632009_20241104105912_500.jpg/melon/resize/120/quality/80/optimize","힐링"
457,"Sunny Day","안유진 (IVE)","https://cdnimg.melon.co.kr/cm2/album/images/117/70/099/11770099_20250410170601_500.jpg/melon/resize/120/quality/80/optimize","힐링"
458,"하늘을 나는 꿈 (Heavenly)","NCT DREAM","https://cdnimg.melon.co.kr/cm2/album/images/116/37/353/11637353_20241108161655_500.jpg/melon/resize/120/quality/80/optimize","힐링"
459,"너와의 모든 지금","재쓰비 (JAESSBEE)","https://cdnimg.melon.co.kr/cm2/album/images/116/37/218/11637218_20241108150236_500.jpg/melon/resize/120/quality/80/optimize","힐링"
460,"Conversation","온유 (ONEW)","https://cdnimg.melon.co.kr/cm2/album/images/116/64/450/11664450_20250103162527_500.jpg/melon/resize/120/quality/80/optimize","힐링"
461,"I’ll Like You","아일릿(ILLIT)","https://cdnimg.melon.co.kr/cm2/album/images/116/20/616/11620616_20241021095654_500.jpg/melon/resize/120/quality/80/optimize","힐링"
462,"Feel the POP","ZEROBASEONE (제로베이스원)","https://cdnimg.melon.co.kr/cm2/album/images/114/69/986/11469986_20240513162331_500.jpg/melon/resize/120/quality/80/optimize","힐링"
463,"Bubble Gum","NewJeans","https://cdnimg.melon.co.kr/cm2/album/images/114/75/749/11475749_20240524105642_500.jpg/melon/resize/120/quality/80/optimize","힐링"
464,"One Kiss","RIIZE","https://cdnimg.melon.co.kr/cm2/album/images/114/56/179/11456179_20240617152303_500.jpg/melon/resize/120/quality/80/optimize","힐링"
465,"Lucky Girl Syndrome","아일릿(ILLIT)","https://cdnimg.melon.co.kr/cm2/album/images/114/50/069/11450069_20240325110702_500.jpg/melon/resize/120/quality/80/optimize","힐링"
466,"Lucky Charm","BOYNEXTDOOR","https://cdnimg.melon.co.kr/cm2/album/images/115/25/129/11525129_20240627200657_500.jpg/melon/resize/120/quality/80/optimize","힐링"
467,"NEW NEW","TWICE (트와이스)","https://cdnimg.melon.co.kr/cm2/album/images/114/24/984/11424984_20240222142756_500.jpg/melon/resize/120/quality/80/optimize","힐링"
468,"Happily Ever After","투모로우바이투게더","https://cdnimg.melon.co.kr/cm2/album/images/113/43/302/11343302_20231012153730_500.jpg/melon/resize/120/quality/80/optimize","힐링"
469,"Shopper","아이유","https://cdnimg.melon.co.kr/cm2/album/images/114/04/142/11404142_20240220141548_500.jpg/melon/resize/120/quality/80/optimize","힐링"
470,"Perfect Night","LE SSERAFIM (르세라핌)","https://cdnimg.melon.co.kr/cm2/album/images/113/52/904/11352904_20231027101104_500.jpg/melon/resize/120/quality/80/optimize","힐링"
471,"Hot Air Balloon","aespa","https://cdnimg.melon.co.kr/cm2/album/images/113/62/544/11362544_20231110142622_500.jpg/melon/resize/120/quality/80/optimize","힐링"
472,"unplugged boy","TWS (투어스)","https://cdnimg.melon.co.kr/cm2/album/images/113/91/902/11391902_20240122132041_500.jpg/melon/resize/120/quality/80/optimize","힐링"
473,"Diamond","트라이비(TRI.BE)","https://cdnimg.melon.co.kr/cm2/album/images/114/21/241/11421241_20240219145849_500.jpg/melon/resize/120/quality/80/optimize","힐링"
474,"Honeybee","츄 (CHUU)","https://cdnimg.melon.co.kr/cm2/album/images/115/19/459/11519459_20240626160545_500.jpg/melon/resize/120/quality/80/optimize","힐링"
475,"우리가 몰랐던 것들 (Simple Joys)","도경수(D.O.)","https://cdnimg.melon.co.kr/cm2/album/images/114/77/689/11477689_20240507151429_500.jpg/melon/resize/120/quality/80/optimize","힐링"
476,"MILKY WAY","앨리스 (ALICE)","https://cdnimg.melon.co.kr/cm2/album/images/114/86/228/11486228_20240510111945_500.jpg/melon/resize/120/quality/80/optimize","힐링"
477,"Up 2 Me","VIVIZ (비비지)","https://cdnimg.melon.co.kr/cm2/album/images/113/56/868/11356868_20231101160655_500.jpg/melon/resize/120/quality/80/optimize","힐링"
478,"What's On Your Mind? (Feat. UNE)","HAAN","https://cdnimg.melon.co.kr/cm2/album/images/114/81/874/11481874_20240507114007_500.jpg/melon/resize/120/quality/80/optimize","힐링"
479,"Playlist (플레이리스트)","LAS (라스)","https://cdnimg.melon.co.kr/cm2/album/images/114/77/094/11477094_20240429154813_500.jpg/melon/resize/120/quality/80/optimize","힐링"
480,"하루에 한번씩","g0nny (거니)","https://cdnimg.melon.co.kr/cm2/album/images/114/72/504/11472504_20240424122437_500.jpg/melon/resize/120/quality/80/optimize","힐링"
481,"Love Lee","AKMU (악뮤)","https://cdnimg.melon.co.kr/cm2/album/images/113/09/190/11309190_20230818161008_500.jpg/melon/resize/120/quality/80/optimize","힐링"
482,"찬란한 하루","멜로망스","https://cdnimg.melon.co.kr/cm2/album/images/112/52/530/11252530_20230526144416_500.jpg/melon/resize/120/quality/80/optimize","힐링"
483,"아름다운 구속","NewJeans","https://cdnimg.melon.co.kr/cm2/album/images/113/18/018/11318018_20230831152953_500.jpg/melon/resize/120/quality/80/optimize","힐링"
484,"V (Peace) (feat. AKMU)","Zion.T","https://cdnimg.melon.co.kr/cm2/album/images/113/78/835/11378835_20231206101358_500.jpg/melon/resize/120/quality/80/optimize","힐링"
485,"Get A Guitar","RIIZE","https://cdnimg.melon.co.kr/cm2/album/images/113/09/832/11309832_20230904111501_500.jpg/melon/resize/120/quality/80/optimize","힐링"
486,"MELTING POINT","ZEROBASEONE (제로베이스원)","https://cdnimg.melon.co.kr/cm2/album/images/113/58/523/11358523_20231103153003_500.jpg/melon/resize/120/quality/80/optimize","힐링"
487,"A+","Weeekly (위클리)","https://cdnimg.melon.co.kr/cm2/album/images/113/55/787/11355787_20231031181358_500.jpg/melon/resize/120/quality/80/optimize","힐링"
488,"Dazzling","POW (파우)","https://cdnimg.melon.co.kr/cm2/album/images/113/41/330/11341330_20231011102008_500.jpg/melon/resize/120/quality/80/optimize","힐링"
489,"Sweet & Sour","앰퍼샌드원 (AMPERS&ONE)","https://cdnimg.melon.co.kr/cm2/album/images/113/64/779/11364779_20231114152348_500.jpg/melon/resize/120/quality/80/optimize","힐링"
490,"Love Me Love Me","권진아","https://cdnimg.melon.co.kr/cm2/album/images/113/03/600/11303600_20230809170256_500.jpg/melon/resize/120/quality/80/optimize","힐링"
491,"oh baby","하츠 (hartts)","https://cdnimg.melon.co.kr/cm2/album/images/113/44/894/11344894_20231016163340_500.jpg/melon/resize/120/quality/80/optimize","힐링"
492,"한강에서 (Feat. BIG Naughty)","폴킴","https://cdnimg.melon.co.kr/cm2/album/images/112/50/721/11250721_20230524165408_500.jpg/melon/resize/120/quality/80/optimize","힐링"
493,"사랑만으로 다 되는 일들","정아로","https://cdnimg.melon.co.kr/cm2/album/images/112/95/859/11295859_20230825171538_500.jpg/melon/resize/120/quality/80/optimize","힐링"
494,"어떤 하루 (Feat. Chan)","1DAY","https://cdnimg.melon.co.kr/cm2/album/images/113/40/152/11340152_20231006122739_500.jpg/melon/resize/120/quality/80/optimize","힐링"
495,"Hell Of A Life","iHwak","https://cdnimg.melon.co.kr/cm2/album/images/113/44/019/11344019_20231013114444_500.jpg/melon/resize/120/quality/80/optimize","힐링"
496,"Happy today","네이비쿼카 (NavyQuokka)","https://cdnimg.melon.co.kr/cm2/album/images/112/57/094/11257094_20230602101445_500.jpg/melon/resize/120/quality/80/optimize","힐링"
497,"지금 이대로","적재","https://cdnimg.melon.co.kr/cm2/album/images/113/18/542/11318542_20230901112424_500.jpg/melon/resize/120/quality/80/optimize","힐링"
498,"Chase Love Hard (Feat. 황민현)","볼빨간사춘기","https://cdnimg.melon.co.kr/cm2/album/images/112/24/405/11224405_20230414143309_500.jpg/melon/resize/120/quality/80/optimize","힐링"
499,"To You","Hollow Young","https://cdnimg.melon.co.kr/cm2/album/images/113/91/969/11391969_20240102111155_500.jpg/melon/resize/120/quality/80/optimize","힐링"
500,"FESTIVAL","산다라박","https://cdnimg.melon.co.kr/cm2/album/images/112/83/676/11283676_20230711174827_500.jpg/melon/resize/120/quality/80/optimize","힐링"
